Activity Type,Date,Favorite,Title,Distance,Calories,Time,Avg HR,Max HR,Avg Run Cadence,Max Run Cadence,Avg Pace,Best Pace,Elev Gain,Elev Loss,Avg Stride Length,Avg Vertical Ratio,Avg Vertical Oscillation,Training Stress ScoreÂ®,Grit,Flow,Climb Time,Bottom Time,Min Temp,Surface Interval,Decompression,Best Lap Time,Number of Laps,Max Temp
Running,2020-11-11 16:48:44,false,"York Running","5.94","575","01:01:25","150","175","166","184","10:20","7:08","104","99","0.94","0.0","0.0","0.0","0.0","0.0","1:01:25","0:00","0.0","0:00","No","08:58.33","6","0.0"
Running,2020-11-09 16:01:24,false,"York Running","4.01","434","00:44:49","152","168","162","178","11:11","7:54","106","96","0.88","0.0","0.0","0.0","0.0","0.0","44:49","0:00","0.0","0:00","No","00:03.93","5","0.0"
Running,2020-11-07 07:28:37,false,"York Running","10.00","1,001","01:50:35","148","161","170","180","11:03","2:09","196","201","0.86","0.0","0.0","0.0","0.0","0.0","1:50:35","0:00","0.0","0:00","No","00:03.39","11","0.0"
Running,2020-11-03 17:22:47,false,"York Running","4.12","393","00:41:09","150","165","166","183","10:00","4:09","46","42","0.97","0.0","0.0","0.0","0.0","0.0","41:09","0:00","0.0","0:00","No","00:59.90","5","0.0"
Running,2020-11-01 08:01:33,false,"York Running","6.08","526","01:09:21","135","147","167","178","11:24","5:53","49","51","0.85","0.0","0.0","0.0","0.0","0.0","1:09:21","0:00","0.0","0:00","No","00:52.08","7","0.0"
Running,2020-10-29 16:48:28,false,"York Running","6.01","586","01:09:30","141","155","159","247","11:34","7:08","103","106","0.88","0.0","0.0","0.0","0.0","0.0","1:09:30","0:00","0.0","0:00","No","00:03.84","7","0.0"
Running,2020-10-27 16:48:29,false,"York Running","4.08","395","00:41:02","152","173","170","182","10:03","8:16","47","49","0.94","0.0","0.0","0.0","0.0","0.0","41:02","0:00","0.0","0:00","No","01:02.82","5","0.0"
Running,2020-10-25 07:37:33,false,"York Running","6.22","597","01:04:50","148","173","168","188","10:25","6:29","52","59","0.91","0.0","0.0","0.0","0.0","0.0","1:04:50","0:00","0.0","0:00","No","02:02.63","7","0.0"
Running,2020-10-20 17:17:36,false,"York Running","4.01","409","00:41:45","154","171","168","195","10:25","7:44","55","55","0.92","0.0","0.0","0.0","0.0","0.0","41:45","0:00","0.0","0:00","No","00:04.33","5","0.0"
Running,2020-10-18 07:41:21,false,"York Running","8.00","666","01:28:03","137","152","167","179","11:00","2:21","172","162","0.88","0.0","0.0","0.0","0.0","0.0","1:28:03","0:00","0.0","0:00","No","00:02.92","9","0.0"
Running,2020-10-17 09:15:40,false,"York Running","3.01","285","00:31:48","145","159","170","187","10:35","5:19","31","29","0.89","0.0","0.0","0.0","0.0","0.0","31:48","0:00","0.0","0:00","No","00:04.48","4","0.0"
Running,2020-10-13 17:30:32,false,"York Running","5.91","593","01:05:46","148","165","165","181","11:07","7:56","63","61","0.88","0.0","0.0","0.0","0.0","0.0","1:05:46","0:00","0.0","0:00","No","09:18.28","6","0.0"
Running,2020-10-11 07:22:27,false,"York Running","10.00","969","01:56:54","145","163","169","179","11:41","4:09","438","440","0.82","0.0","0.0","0.0","0.0","0.0","1:56:54","0:00","0.0","0:00","No","00:00.73","11","0.0"
Running,2020-10-09 17:24:07,false,"York Running","4.01","395","00:42:40","149","179","168","179","10:39","5:14","46","19","0.90","0.0","0.0","0.0","0.0","0.0","42:40","0:00","0.0","0:00","No","00:06.97","5","0.0"
Running,2020-10-05 16:49:11,false,"York Running","5.90","611","01:04:41","152","163","168","238","10:57","4:51","81","81","0.88","0.0","0.0","0.0","0.0","0.0","1:04:41","0:00","0.0","0:00","No","09:45.13","6","0.0"
Running,2020-10-04 07:58:47,false,"York Running","3.00","305","00:32:45","148","160","170","184","10:55","9:25","45","46","0.87","0.0","0.0","0.0","0.0","0.0","32:45","0:00","0.0","0:00","No","00:02.30","4","0.0"
Running,2020-10-01 17:06:31,false,"York Running","6.01","595","01:04:49","150","179","163","187","10:47","6:49","62","48","0.92","0.0","0.0","0.0","0.0","0.0","1:04:49","0:00","0.0","0:00","No","00:06.06","7","0.0"
Running,2020-09-28 17:25:53,false,"York Running","4.00","413","00:44:56","148","162","168","179","11:14","8:20","53","60","0.85","0.0","0.0","0.0","0.0","0.0","44:56","0:00","0.0","0:00","No","10:49.76","4","0.0"
Running,2020-09-26 07:52:32,false,"York Running","8.00","796","01:30:46","148","162","166","184","11:21","8:41","121","122","0.84","0.0","0.0","0.0","0.0","0.0","1:30:46","0:00","0.0","0:00","No","10:31.57","8","0.0"
Running,2020-09-23 17:01:57,false,"York Running","6.01","584","01:06:41","146","162","165","180","11:06","7:00","54","57","0.88","0.0","0.0","0.0","0.0","0.0","1:06:41","0:00","0.0","0:00","No","00:04.32","7","0.0"
Running,2020-09-21 17:02:05,false,"York Running","6.01","621","01:06:16","153","171","167","182","11:02","5:59","115","107","0.87","0.0","0.0","0.0","0.0","0.0","1:06:16","0:00","0.0","0:00","No","00:03.52","7","0.0"
Running,2020-09-19 07:08:44,false,"York Running","9.97","928","01:56:09","144","164","161","185","11:39","6:01","206","184","0.86","0.0","0.0","0.0","0.0","0.0","1:56:09","0:00","0.0","0:00","No","09:53.07","10","0.0"
Running,2020-09-16 17:37:23,false,"York Running","5.01","476","00:54:03","147","167","168","185","10:48","6:19","75","72","0.89","0.0","0.0","0.0","0.0","0.0","54:03","0:00","0.0","0:00","No","00:03.44","6","0.0"
Running,2020-09-12 06:22:12,false,"York Running","10.01","977","01:55:09","148","164","167","188","11:30","3:11","216","216","0.84","0.0","0.0","0.0","0.0","0.0","1:55:09","0:00","0.0","0:00","No","00:03.78","11","0.0"
Running,2020-09-10 17:18:49,false,"York Running","5.00","481","00:56:16","146","164","167","235","11:14","3:43","64","56","0.86","0.0","0.0","0.0","0.0","0.0","56:16","0:00","0.0","0:00","No","00:03.09","6","0.0"
Running,2020-09-08 06:13:11,false,"York Running","4.93","530","00:58:37","151","165","167","180","11:53","3:27","80","73","0.81","0.0","0.0","0.0","0.0","0.0","58:37","0:00","0.0","0:00","No","10:34.86","5","0.0"
Running,2020-09-05 07:28:03,false,"York Running","6.01","608","01:11:37","146","162","167","181","11:55","1:17","99","95","0.81","0.0","0.0","0.0","0.0","0.0","1:11:37","0:00","0.0","0:00","No","00:04.61","7","0.0"
Running,2020-09-03 06:16:29,false,"York Running","6.01","605","01:10:03","147","163","167","179","11:40","7:12","325","335","0.83","0.0","0.0","0.0","0.0","0.0","1:10:03","0:00","0.0","0:00","No","00:03.72","7","0.0"
Running,2020-09-01 07:21:58,false,"York Running","3.00","312","00:34:20","151","162","166","177","11:28","7:17","74","68","0.84","0.0","0.0","0.0","0.0","0.0","34:20","0:00","0.0","0:00","No","11:11.93","3","0.0"
Running,2020-08-31 08:01:05,false,"York Running","5.01","495","00:56:44","148","159","167","179","11:19","9:25","56","30","0.85","0.0","0.0","0.0","0.0","0.0","56:44","0:00","0.0","0:00","No","00:07.73","6","0.0"
Running,2020-08-30 07:50:19,false,"York Running","3.00","288","00:34:23","142","156","166","176","11:27","6:27","44","33","0.85","0.0","0.0","0.0","0.0","0.0","34:23","0:00","0.0","0:00","No","00:03.59","4","0.0"
Running,2020-08-28 06:42:12,false,"York Running","3.91","381","00:41:43","153","166","165","178","10:40","2:42","450","448","0.91","0.0","0.0","0.0","0.0","0.0","41:43","0:00","0.0","0:00","No","09:34.34","4","0.0"
Running,2020-08-26 17:13:27,false,"York Running","3.01","311","00:34:13","153","169","160","233","11:23","7:27","28","10","0.88","0.0","0.0","0.0","0.0","0.0","34:13","0:00","0.0","0:00","No","00:03.42","4","0.0"
Running,2020-08-23 07:45:36,false,"York Running","3.01","307","00:33:08","155","180","168","180","11:01","8:41","31","27","0.87","0.0","0.0","0.0","0.0","0.0","33:08","0:00","0.0","0:00","No","00:04.88","4","0.0"
Running,2020-08-22 06:13:29,false,"York Running","3.01","305","00:34:09","150","166","168","177","11:21","2:46","79","77","0.84","0.0","0.0","0.0","0.0","0.0","34:09","0:00","0.0","0:00","No","00:05.14","4","0.0"
Running,2020-07-27 16:07:44,false,"York Running","3.95","409","00:45:28","151","164","165","178","11:30","4:55","42","24","0.85","0.0","0.0","0.0","0.0","0.0","45:28","0:00","0.0","0:00","No","10:37.17","4","0.0"
Running,2020-07-22 16:17:49,false,"York Running","5.97","610","01:09:03","150","164","163","244","11:34","5:29","54","53","0.85","0.0","0.0","0.0","0.0","0.0","1:09:03","0:00","0.0","0:00","No","10:46.32","6","0.0"
Running,2020-07-19 07:45:00,false,"York Running","10.00","951","02:03:26","143","163","163","177","12:20","9:25","170","130","0.80","0.0","0.0","0.0","0.0","0.0","2:03:26","0:00","0.0","0:00","No","00:02.92","11","0.0"
Running,2020-07-15 16:08:05,false,"York Running","6.00","646","01:08:44","154","165","166","180","11:28","3:45","57","55","0.85","0.0","0.0","0.0","0.0","0.0","1:08:44","0:00","0.0","0:00","No","11:03.68","6","0.0"
Running,2020-07-13 16:04:47,false,"York Running","3.00","307","00:33:32","148","168","164","184","11:10","6:02","43","41","0.88","0.0","0.0","0.0","0.0","0.0","33:32","0:00","0.0","0:00","No","00:01.66","4","0.0"
Running,2020-07-12 07:33:25,false,"York Running","7.98","772","01:31:32","145","158","165","180","11:28","8:10","199","191","0.85","0.0","0.0","0.0","0.0","0.0","1:31:32","0:00","0.0","0:00","No","10:28.13","8","0.0"
Running,2020-07-10 07:03:04,false,"York Running","4.09","403","00:47:07","142","158","167","177","11:30","5:43","55","21","0.84","0.0","0.0","0.0","0.0","0.0","47:07","0:00","0.0","0:00","No","00:56.34","5","0.0"
Running,2020-07-07 07:47:49,false,"Fylde Running","3.87","383","00:45:51","141","157","166","179","11:50","8:20","62","59","0.82","0.0","0.0","0.0","0.0","0.0","45:51","0:00","0.0","0:00","No","10:05.12","4","0.0"
Running,2020-07-02 10:47:50,false,"York Running","6.00","605","01:08:26","147","159","165","182","11:24","6:46","63","42","0.86","0.0","0.0","0.0","0.0","0.0","1:08:26","0:00","0.0","0:00","No","10:54.38","6","0.0"
Running,2020-06-29 15:37:03,false,"York Running","3.00","306","00:34:15","147","166","164","179","11:24","9:11","211","189","0.86","0.0","0.0","0.0","0.0","0.0","34:15","0:00","0.0","0:00","No","00:02.94","4","0.0"
Running,2020-06-28 11:23:38,false,"York Running","4.99","543","00:57:17","154","164","165","182","11:29","5:40","49","57","0.85","0.0","0.0","0.0","0.0","0.0","57:17","0:00","0.0","0:00","No","10:58.66","5","0.0"
Running,2020-06-22 16:07:30,false,"York Running","3.02","305","00:32:55","149","164","165","181","10:54","5:55","33","37","0.89","0.0","0.0","0.0","0.0","0.0","32:55","0:00","0.0","0:00","No","00:11.72","4","0.0"
Running,2020-06-21 07:19:36,false,"York Running","7.07","632","01:22:02","139","157","167","181","11:36","5:59","2,628","2,597","0.83","0.0","0.0","0.0","0.0","0.0","1:22:02","0:00","0.0","0:00","No","00:44.97","8","0.0"
Running,2020-06-19 12:29:47,false,"York Running","5.98","608","01:07:16","149","161","164","180","11:15","4:00","42","41","0.87","0.0","0.0","0.0","0.0","0.0","1:07:16","0:00","0.0","0:00","No","10:22.78","6","0.0"
Running,2020-06-16 16:13:06,false,"York Running","2.93","302","00:33:15","147","160","165","176","11:22","4:53","42","42","0.86","0.0","0.0","0.0","0.0","0.0","33:15","0:00","0.0","0:00","No","10:15.35","3","0.0"
Running,2020-06-15 16:06:09,false,"York Running","3.92","398","00:45:33","145","163","159","179","11:38","5:40","48","35","0.87","0.0","0.0","0.0","0.0","0.0","45:33","0:00","0.0","0:00","No","10:02.48","4","0.0"
Running,2020-06-13 06:52:36,false,"York Running","10.01","892","01:56:41","141","157","166","182","11:40","3:39","165","162","0.83","0.0","0.0","0.0","0.0","0.0","1:56:41","0:00","0.0","0:00","No","00:04.49","11","0.0"
Running,2020-06-11 16:08:53,false,"York Running","5.01","500","00:56:35","149","163","166","178","11:18","6:30","81","67","0.86","0.0","0.0","0.0","0.0","0.0","56:35","0:00","0.0","0:00","No","00:04.04","6","0.0"
Running,2020-06-09 15:56:06,false,"York Running","3.01","283","00:32:47","146","168","165","179","10:54","5:39","36","36","0.89","0.0","0.0","0.0","0.0","0.0","32:47","0:00","0.0","0:00","No","00:09.79","4","0.0"
Running,2020-06-08 16:14:54,false,"York Running","4.01","411","00:46:49","148","161","164","177","11:41","6:42","48","35","0.84","0.0","0.0","0.0","0.0","0.0","46:49","0:00","0.0","0:00","No","00:06.03","5","0.0"
Running,2020-06-06 07:58:36,false,"York Running","10.01","1,005","01:59:40","148","163","168","184","11:57","4:32","267","252","0.80","0.0","0.0","0.0","0.0","0.0","1:59:40","0:00","0.0","0:00","No","00:03.90","11","0.0"
Running,2020-06-04 16:13:04,false,"York Running","2.97","298","00:33:49","146","160","164","179","11:23","5:01","38","38","0.86","0.0","0.0","0.0","0.0","0.0","33:49","0:00","0.0","0:00","No","10:44.28","3","0.0"
Running,2020-06-03 16:10:39,false,"York Running","3.99","405","00:45:32","147","161","166","177","11:25","3:50","56","45","0.85","0.0","0.0","0.0","0.0","0.0","45:32","0:00","0.0","0:00","No","11:02.54","4","0.0"
Running,2020-06-01 16:09:24,false,"York Running","3.01","296","00:33:20","147","163","165","175","11:05","5:07","27","23","0.88","0.0","0.0","0.0","0.0","0.0","33:20","0:00","0.0","0:00","No","00:03.76","4","0.0"
Running,2020-05-28 15:59:22,false,"York Running","2.47","246","00:27:37","148","163","166","175","11:09","9:22","24","5","0.87","0.0","0.0","0.0","0.0","0.0","27:37","0:00","0.0","0:00","No","05:11.99","3","0.0"
Running,2020-05-26 16:08:39,false,"York Running","3.00","290","00:33:58","142","159","164","230","11:18","7:56","29","8","0.87","0.0","0.0","0.0","0.0","0.0","33:58","0:00","0.0","0:00","No","00:02.97","4","0.0"
Running,2020-05-25 07:48:18,false,"York Running","2.47","230","00:27:48","140","151","168","178","11:16","3:47","34","34","0.85","0.0","0.0","0.0","0.0","0.0","27:48","0:00","0.0","0:00","No","05:06.34","3","0.0"
Running,2020-05-19 16:05:22,false,"York Running","4.00","399","00:44:59","149","170","167","179","11:14","9:49","37","21","0.86","0.0","0.0","0.0","0.0","0.0","44:59","0:00","0.0","0:00","No","00:02.13","5","0.0"
Running,2020-05-17 07:14:36,false,"York Running","7.50","751","01:27:43","148","162","166","182","11:42","3:30","101","80","0.83","0.0","0.0","0.0","0.0","0.0","1:27:43","0:00","0.0","0:00","No","05:20.19","8","0.0"
Running,2020-05-14 17:14:24,false,"York Running","2.88","298","00:31:58","154","165","166","178","11:05","8:17","44","39","0.87","0.0","0.0","0.0","0.0","0.0","31:58","0:00","0.0","0:00","No","09:36.82","3","0.0"
Running,2020-05-12 15:52:53,false,"York Running","3.91","418","00:44:19","156","183","166","179","11:21","7:46","41","44","0.85","0.0","0.0","0.0","0.0","0.0","44:19","0:00","0.0","0:00","No","09:55.35","4","0.0"
Running,2020-05-10 07:57:37,false,"York Running","5.32","513","01:01:01","144","153","168","178","11:28","9:55","52","37","0.83","0.0","0.0","0.0","0.0","0.0","1:01:01","0:00","0.0","0:00","No","03:32.02","6","0.0"
Running,2020-05-06 11:29:29,false,"York Running","2.98","324","00:34:40","154","164","162","174","11:39","8:51","41","37","0.86","0.0","0.0","0.0","0.0","0.0","34:40","0:00","0.0","0:00","No","11:15.75","3","0.0"
Running,2020-05-03 08:01:56,false,"York Running","4.03","395","00:45:31","145","157","166","179","11:18","9:51","39","38","0.86","0.0","0.0","0.0","0.0","0.0","45:31","0:00","0.0","0:00","No","00:14.46","5","0.0"
Running,2020-04-29 07:30:06,false,"York Running","2.00","212","00:22:20","156","170","165","179","11:09","3:22","19","--","0.88","0.0","0.0","0.0","0.0","0.0","22:20","0:00","0.0","0:00","No","00:02.60","3","0.0"
Running,2020-04-28 16:04:34,false,"York Running","1.51","132","00:17:16","136","166","165","174","11:26","7:42","10","--","0.86","0.0","0.0","0.0","0.0","0.0","17:16","0:00","0.0","0:00","No","05:39.66","2","0.0"
Running,2020-04-27 15:56:09,false,"Running","1.00","101","00:11:42","144","163","163","173","11:40","10:48","--","--","0.85","0.0","0.0","0.0","0.0","0.0","11:42","0:00","0.0","0:00","No","00:02.26","2","0.0"
Running,2020-04-19 07:24:56,false,"York Running","2.50","261","00:28:50","148","159","165","176","11:31","8:35","--","--","0.85","0.0","0.0","0.0","0.0","0.0","28:50","0:00","0.0","0:00","No","05:37.75","3","0.0"
Running,2020-03-30 11:43:06,false,"York Running","1.94","164","00:22:39","133","174","163","181","11:39","7:22","19","10","0.85","0.0","0.0","0.0","0.0","0.0","22:39","0:00","0.0","0:00","No","11:09.18","2","0.0"
Running,2020-03-19 07:14:28,false,"York Running","2.88","302","00:33:21","151","162","166","181","11:36","6:05","45","34","0.83","0.0","0.0","0.0","0.0","0.0","33:21","0:00","0.0","0:00","No","09:34.47","3","0.0"
Running,2020-03-16 16:58:46,false,"York Running","4.07","434","00:46:24","152","165","165","179","11:24","5:41","55","57","0.86","0.0","0.0","0.0","0.0","0.0","46:24","0:00","0.0","0:00","No","00:44.83","5","0.0"
Running,2020-03-14 07:31:07,false,"York Running","9.95","911","01:55:53","144","163","169","185","11:39","1:21","150","158","0.82","0.0","0.0","0.0","0.0","0.0","1:55:53","0:00","0.0","0:00","No","10:50.89","10","0.0"
Running,2020-03-11 16:43:15,false,"York Running","6.02","604","01:09:22","147","162","166","243","11:31","6:38","79","81","0.84","0.0","0.0","0.0","0.0","0.0","1:09:22","0:00","0.0","0:00","No","00:16.67","7","0.0"
Running,2020-03-09 16:37:07,false,"York Running","4.00","394","00:45:08","145","154","166","179","11:16","4:50","95","80","0.86","0.0","0.0","0.0","0.0","0.0","45:08","0:00","0.0","0:00","No","00:02.35","5","0.0"
Running,2020-03-08 07:27:43,false,"York Running","10.00","940","01:52:02","147","160","170","182","11:12","5:16","195","187","0.85","0.0","0.0","0.0","0.0","0.0","1:52:02","0:00","0.0","0:00","No","00:01.64","11","0.0"
Running,2020-03-04 16:39:29,false,"York Running","6.01","624","01:07:01","153","169","165","235","11:09","8:44","79","96","0.88","0.0","0.0","0.0","0.0","0.0","1:07:01","0:00","0.0","0:00","No","00:03.86","7","0.0"
Running,2020-03-02 16:38:03,false,"York Running","4.01","392","00:42:44","150","161","168","179","10:40","8:54","73","87","0.90","0.0","0.0","0.0","0.0","0.0","42:44","0:00","0.0","0:00","No","00:01.80","5","0.0"
Running,2020-02-26 16:57:19,false,"York Running","6.01","615","01:07:22","151","163","164","179","11:13","7:08","72","86","0.88","0.0","0.0","0.0","0.0","0.0","1:07:22","0:00","0.0","0:00","No","00:05.44","7","0.0"
Running,2020-02-24 13:16:13,false,"York Running","4.01","397","00:43:25","150","165","167","182","10:50","4:25","10","11","0.89","0.0","0.0","0.0","0.0","0.0","43:25","0:00","0.0","0:00","No","00:05.91","5","0.0"
Running,2020-02-23 07:47:32,false,"York Running","10.01","917","01:51:45","146","164","168","183","11:10","7:56","178","178","0.86","0.0","0.0","0.0","0.0","0.0","1:51:45","0:00","0.0","0:00","No","00:04.23","11","0.0"
Running,2020-02-19 16:41:26,false,"York Running","6.01","619","01:07:44","152","167","164","180","11:17","6:15","83","98","0.87","0.0","0.0","0.0","0.0","0.0","1:07:44","0:00","0.0","0:00","No","00:03.75","7","0.0"
Running,2020-02-17 16:40:51,false,"York Running","3.96","389","00:42:35","151","169","166","181","10:45","7:28","76","83","0.90","0.0","0.0","0.0","0.0","0.0","42:35","0:00","0.0","0:00","No","09:58.05","4","0.0"
Running,2020-02-16 08:40:32,false,"York Running","8.01","803","01:26:48","156","168","168","183","10:51","7:18","167","134","0.89","0.0","0.0","0.0","0.0","0.0","1:26:48","0:00","0.0","0:00","No","00:04.51","9","0.0"
Running,2020-02-12 16:42:42,false,"York Running","4.00","416","00:43:23","156","165","169","179","10:50","1:29","48","25","0.88","0.0","0.0","0.0","0.0","0.0","43:23","0:00","0.0","0:00","No","00:01.36","5","0.0"
Running,2020-02-10 16:47:08,false,"York Running","3.96","402","00:44:18","150","161","162","180","11:11","3:57","75","71","0.89","0.0","0.0","0.0","0.0","0.0","44:18","0:00","0.0","0:00","No","10:14.71","4","0.0"
Running,2020-02-05 16:39:37,false,"York Running","5.98","611","01:07:17","152","164","162","180","11:15","9:08","88","83","0.88","0.0","0.0","0.0","0.0","0.0","1:07:17","0:00","0.0","0:00","No","10:15.32","6","0.0"
Running,2020-02-03 16:46:37,false,"York Running","3.95","394","00:44:37","148","162","161","177","11:17","4:59","93","87","0.88","0.0","0.0","0.0","0.0","0.0","44:37","0:00","0.0","0:00","No","10:05.68","4","0.0"
Running,2020-02-02 07:59:00,false,"York Running","4.00","397","00:46:07","145","158","165","180","11:32","9:16","43","25","0.84","0.0","0.0","0.0","0.0","0.0","46:07","0:00","0.0","0:00","No","11:07.73","4","0.0"
Running,2020-01-29 17:59:25,false,"York Running","3.95","412","00:44:07","156","165","165","179","11:10","9:02","34","44","0.87","0.0","0.0","0.0","0.0","0.0","44:07","0:00","0.0","0:00","No","10:27.94","4","0.0"
Running,2020-01-27 16:40:38,false,"York Running","4.00","430","00:47:13","152","163","158","178","11:48","2:53","71","74","0.86","0.0","0.0","0.0","0.0","0.0","47:13","0:00","0.0","0:00","No","11:30.82","4","0.0"
Running,2020-01-15 16:36:45,false,"York Running","6.04","642","01:10:11","153","168","163","180","11:37","9:53","43","51","0.85","0.0","0.0","0.0","0.0","0.0","1:10:11","0:00","0.0","0:00","No","00:27.47","7","0.0"
Running,2020-01-13 16:33:24,false,"York Running","3.95","419","00:46:17","149","158","164","223","11:42","9:16","80","72","0.84","0.0","0.0","0.0","0.0","0.0","46:17","0:00","0.0","0:00","No","11:12.09","4","0.0"
Running,2020-01-12 07:58:36,false,"York Running","10.00","926","01:53:52","146","161","167","235","11:23","3:26","301","279","0.85","0.0","0.0","0.0","0.0","0.0","1:53:52","0:00","0.0","0:00","No","00:03.88","11","0.0"
Running,2020-01-08 16:19:09,false,"York Running","6.01","641","01:09:09","152","163","167","183","11:31","8:10","91","101","0.84","0.0","0.0","0.0","0.0","0.0","1:09:09","0:00","0.0","0:00","No","00:04.42","7","0.0"
Running,2020-01-06 16:35:27,false,"York Running","3.98","400","00:46:59","143","155","165","231","11:49","5:43","85","73","0.83","0.0","0.0","0.0","0.0","0.0","46:59","0:00","0.0","0:00","No","11:08.46","4","0.0"
Running,2020-01-05 07:42:40,false,"York Running","8.00","792","01:31:19","146","164","168","180","11:25","2:19","591","595","0.84","0.0","0.0","0.0","0.0","0.0","1:31:19","0:00","0.0","0:00","No","00:04.14","9","0.0"
Running,2020-01-02 16:09:11,false,"York Running","4.00","416","00:46:02","146","158","162","177","11:30","3:26","92","94","0.86","0.0","0.0","0.0","0.0","0.0","46:02","0:00","0.0","0:00","No","00:03.01","5","0.0"
Running,2020-01-01 09:07:02,false,"York Running","5.01","531","00:56:09","151","163","166","180","11:13","8:36","300","286","0.86","0.0","0.0","0.0","0.0","0.0","56:09","0:00","0.0","0:00","No","00:04.06","6","0.0"
Running,2019-12-30 07:51:42,false,"York Running","3.01","318","00:33:56","148","170","164","177","11:16","5:40","37","24","0.87","0.0","0.0","0.0","0.0","0.0","33:56","0:00","0.0","0:00","No","00:08.71","4","0.0"
Running,2019-12-16 15:56:55,false,"York Running","3.92","403","00:44:02","146","154","165","179","11:14","4:17","38","44","0.87","0.0","0.0","0.0","0.0","0.0","44:02","0:00","0.0","0:00","No","10:13.84","4","0.0"
Running,2019-12-12 16:29:53,false,"York Running","5.52","564","00:58:37","153","161","165","179","10:38","3:05","1,802","1,809","0.92","0.0","0.0","0.0","0.0","0.0","58:37","0:00","0.0","0:00","No","05:30.99","6","0.0"
Running,2019-12-09 16:05:26,false,"York Running","4.01","400","00:45:15","144","158","159","183","11:18","6:05","78","83","0.90","0.0","0.0","0.0","0.0","0.0","45:15","0:00","0.0","0:00","No","00:07.13","5","0.0"
Running,2019-12-04 16:35:35,false,"York Running","6.04","636","01:07:42","151","166","163","178","11:13","7:41","97","104","0.88","0.0","0.0","0.0","0.0","0.0","1:07:42","0:00","0.0","0:00","No","00:22.92","7","0.0"
Running,2019-12-02 16:20:55,false,"York Running","4.00","378","00:45:33","138","149","164","181","11:23","5:29","46","42","0.86","0.0","0.0","0.0","0.0","0.0","45:33","0:00","0.0","0:00","No","00:01.50","5","0.0"
Running,2019-12-01 07:35:01,false,"York Running","6.01","537","01:06:03","139","152","169","183","10:59","6:09","51","25","0.87","0.0","0.0","0.0","0.0","0.0","1:06:03","0:00","0.0","0:00","No","00:06.44","7","0.0"
Running,2019-11-27 16:10:24,false,"York Running","3.95","411","00:44:20","148","158","164","177","11:14","9:04","56","55","0.87","0.0","0.0","0.0","0.0","0.0","44:20","0:00","0.0","0:00","No","10:15.70","4","0.0"
Running,2019-11-25 16:52:08,false,"York Running","3.98","413","00:44:33","148","158","165","184","11:12","8:09","66","70","0.87","0.0","0.0","0.0","0.0","0.0","44:33","0:00","0.0","0:00","No","10:45.96","4","0.0"
Running,2019-11-23 07:56:43,false,"York Running","10.00","965","01:50:45","148","164","166","242","11:04","6:35","140","146","0.88","0.0","0.0","0.0","0.0","0.0","1:50:45","0:00","0.0","0:00","No","00:01.100","11","0.0"
Running,2019-11-20 16:24:33,false,"York Running","6.20","617","01:06:48","150","164","166","179","10:46","3:52","107","107","0.90","0.0","0.0","0.0","0.0","0.0","1:06:48","0:00","0.0","0:00","No","02:03.83","7","0.0"
Running,2019-11-18 16:41:28,false,"York Running","3.95","382","00:43:30","145","168","158","177","11:01","3:55","85","89","0.92","0.0","0.0","0.0","0.0","0.0","43:30","0:00","0.0","0:00","No","09:58.49","4","0.0"
Running,2019-11-17 07:41:18,false,"York Running","8.01","779","01:28:19","148","164","168","185","11:02","7:46","115","88","0.87","0.0","0.0","0.0","0.0","0.0","1:28:19","0:00","0.0","0:00","No","00:04.28","9","0.0"
Running,2019-11-13 16:39:43,false,"York Running","6.01","630","01:08:10","151","162","165","179","11:21","6:47","111","96","0.86","0.0","0.0","0.0","0.0","0.0","1:08:10","0:00","0.0","0:00","No","00:05.96","7","0.0"
Running,2019-11-11 16:50:01,false,"York Running","4.01","402","00:46:32","144","153","160","180","11:37","6:44","76","73","0.87","0.0","0.0","0.0","0.0","0.0","46:32","0:00","0.0","0:00","No","00:04.04","5","0.0"
Running,2019-11-09 07:04:22,false,"York Running","7.01","695","01:19:58","146","160","168","179","11:25","5:05","109","95","0.84","0.0","0.0","0.0","0.0","0.0","1:19:58","0:00","0.0","0:00","No","00:04.48","8","0.0"
Running,2019-11-08 06:45:26,false,"York Running","3.03","314","00:34:10","147","161","170","178","11:16","1:22","47","50","0.84","0.0","0.0","0.0","0.0","0.0","34:10","0:00","0.0","0:00","No","00:21.03","4","0.0"
Running,2019-11-06 16:41:36,false,"York Running","5.49","586","01:01:46","152","160","161","178","11:15","1:15","117","86","0.89","0.0","0.0","0.0","0.0","0.0","1:01:46","0:00","0.0","0:00","No","05:19.20","6","0.0"
Running,2019-11-04 16:36:54,false,"York Running","3.73","387","00:43:05","144","153","165","176","11:33","3:54","95","59","0.84","0.0","0.0","0.0","0.0","0.0","43:05","0:00","0.0","0:00","No","08:09.32","4","0.0"
Running,2018-09-18 07:40:11,false,"York Running","1.01","99","00:11:06","144","160","167","184","11:00","8:39","16","--","0.88","0.0","0.0","0.0","0.0","0.0","11:06","0:00","0.0","0:00","No","00:00.00","2","0.0"
Running,2018-06-19 07:59:05,false,"York Running","2.47","258","00:26:08","153","165","169","184","10:34","5:15","31","20","0.90","0.0","0.0","0.0","0.0","0.0","26:08","0:00","0.0","0:00","No","00:00.00","3","0.0"
Running,2018-06-15 08:04:38,false,"York Running","2.94","317","00:33:28","148","158","162","176","11:23","8:35","46","45","0.87","0.0","0.0","0.0","0.0","0.0","33:28","0:00","0.0","0:00","No","00:00.00","3","0.0"
Running,2018-06-05 06:51:31,false,"York Running","3.01","298","00:30:27","153","168","169","181","10:07","7:09","21","12","0.94","0.0","0.0","0.0","0.0","0.0","30:27","0:00","0.0","0:00","No","00:00.00","4","0.0"
Running,2018-06-03 08:04:00,false,"York Running","2.01","208","00:21:04","154","172","169","179","10:31","6:58","15","--","0.91","0.0","0.0","0.0","0.0","0.0","21:04","0:00","0.0","0:00","No","00:00.00","3","0.0"
Running,2018-05-29 06:56:00,false,"York Running","2.00","210","00:21:20","153","167","169","183","10:39","7:29","30","27","0.90","0.0","0.0","0.0","0.0","0.0","21:20","0:00","0.0","0:00","No","00:00.00","3","0.0"
Running,2018-05-27 07:53:53,false,"York Running","3.00","310","00:32:14","149","166","169","183","10:44","9:18","34","19","0.89","0.0","0.0","0.0","0.0","0.0","32:14","0:00","0.0","0:00","No","00:00.00","4","0.0"
Running,2018-05-22 06:47:40,false,"York Running","2.51","250","00:24:55","155","168","170","181","9:56","7:45","--","--","0.95","0.0","0.0","0.0","0.0","0.0","24:55","0:00","0.0","0:00","No","00:00.00","3","0.0"
Running,2018-05-18 06:43:53,false,"York Running","2.01","199","00:20:20","152","170","168","177","10:09","7:51","22","--","0.94","0.0","0.0","0.0","0.0","0.0","20:20","0:00","0.0","0:00","No","00:00.00","3","0.0"
Running,2018-04-25 06:48:57,false,"York Running","2.01","200","00:20:27","153","171","170","183","10:12","4:58","36","40","0.93","0.0","0.0","0.0","0.0","0.0","20:27","0:00","0.0","0:00","No","00:00.00","3","0.0"
Running,2018-04-23 15:09:41,false,"York Running","2.96","306","00:30:28","155","174","165","177","10:18","4:34","49","49","0.95","0.0","0.0","0.0","0.0","0.0","30:28","0:00","0.0","0:00","No","00:00.00","3","0.0"
Running,2018-04-18 07:15:08,false,"York Running","3.01","302","00:30:16","154","170","169","180","10:04","4:28","39","34","0.94","0.0","0.0","0.0","0.0","0.0","30:16","0:00","0.0","0:00","No","00:00.00","4","0.0"
Running,2018-04-14 07:32:03,false,"York Running","2.01","179","00:20:34","143","176","170","178","10:15","5:11","32","36","0.93","0.0","0.0","0.0","0.0","0.0","20:34","0:00","0.0","0:00","No","00:00.00","3","0.0"
Running,2018-03-31 08:59:30,false,"York Running","3.00","290","00:29:56","154","176","172","182","9:58","6:58","14","9","0.94","0.0","0.0","0.0","0.0","0.0","29:56","0:00","0.0","0:00","No","00:00.00","4","0.0"
Running,2018-02-20 07:41:37,false,"York Running","4.01","385","00:39:53","151","165","170","186","9:57","7:08","18","24","0.95","0.0","0.0","0.0","0.0","0.0","39:53","0:00","0.0","0:00","No","00:00.00","5","0.0"
Running,2018-02-17 08:52:36,false,"York Running","6.00","581","01:00:14","153","165","171","186","10:02","5:06","70","69","0.94","0.0","0.0","0.0","0.0","0.0","1:00:14","0:00","0.0","0:00","No","00:00.00","7","0.0"
Running,2018-02-15 13:49:18,false,"York Running","3.01","290","00:29:32","153","173","170","185","9:49","1:12","41","52","0.96","0.0","0.0","0.0","0.0","0.0","29:32","0:00","0.0","0:00","No","00:00.00","4","0.0"
Running,2018-02-13 08:08:17,false,"York Running","4.01","372","00:40:47","145","158","172","233","10:11","7:25","65","59","0.92","0.0","0.0","0.0","0.0","0.0","40:47","0:00","0.0","0:00","No","00:00.00","5","0.0"
Running,2018-02-11 08:45:07,false,"York Running","6.01","566","01:02:05","147","161","171","236","10:20","7:07","71","46","0.91","0.0","0.0","0.0","0.0","0.0","1:02:05","0:00","0.0","0:00","No","00:00.00","7","0.0"
Running,2018-02-08 16:26:38,false,"York Running","4.01","394","00:41:11","153","167","168","235","10:16","7:51","33","47","0.93","0.0","0.0","0.0","0.0","0.0","41:11","0:00","0.0","0:00","No","00:00.00","5","0.0"
Running,2018-02-06 17:27:02,false,"York Running","4.01","407","00:41:21","156","171","163","184","10:19","4:38","24","34","0.95","0.0","0.0","0.0","0.0","0.0","41:21","0:00","0.0","0:00","No","00:00.00","5","0.0"
Running,2018-02-04 08:06:17,false,"York Running","4.01","392","00:43:18","145","164","168","183","10:48","6:37","49","28","0.89","0.0","0.0","0.0","0.0","0.0","43:18","0:00","0.0","0:00","No","00:00.00","5","0.0"
Running,2018-01-30 17:21:18,false,"York Running","1.86","187","00:20:23","146","157","165","178","10:57","7:21","--","14","0.89","0.0","0.0","0.0","0.0","0.0","20:23","0:00","0.0","0:00","No","00:00.00","2","0.0"
Running,2018-01-28 09:02:48,false,"York Running","3.01","295","00:30:57","151","164","172","181","10:18","8:27","57","43","0.91","0.0","0.0","0.0","0.0","0.0","30:57","0:00","0.0","0:00","No","00:00.00","4","0.0"
Running,2018-01-26 14:59:11,false,"York Running","6.01","580","01:01:51","152","166","169","186","10:18","4:04","100","96","0.93","0.0","0.0","0.0","0.0","0.0","1:01:51","0:00","0.0","0:00","No","00:00.00","7","0.0"
Running,2018-01-24 13:19:45,false,"York Running","3.01","287","00:30:45","151","166","166","186","10:13","5:37","66","72","0.95","0.0","0.0","0.0","0.0","0.0","30:45","0:00","0.0","0:00","No","00:00.00","4","0.0"
Running,2018-01-22 17:24:23,false,"York Running","3.00","302","00:32:10","151","163","169","180","10:43","8:10","27","16","0.89","0.0","0.0","0.0","0.0","0.0","32:10","0:00","0.0","0:00","No","00:00.00","4","0.0"
Running,2018-01-20 13:11:52,false,"York Running","5.00","499","00:53:00","154","171","169","187","10:35","4:14","67","68","0.90","0.0","0.0","0.0","0.0","0.0","53:00","0:00","0.0","0:00","No","00:00.00","6","0.0"
Running,2018-01-18 14:21:23,false,"York Running","3.00","291","00:30:29","153","168","168","179","10:09","4:38","35","31","0.94","0.0","0.0","0.0","0.0","0.0","30:29","0:00","0.0","0:00","No","00:00.00","4","0.0"
Running,2018-01-15 19:08:22,false,"York Running","4.01","375","00:42:43","145","163","170","186","10:39","5:52","45","44","0.89","0.0","0.0","0.0","0.0","0.0","42:43","0:00","0.0","0:00","No","00:00.00","5","0.0"
Running,2018-01-15 17:26:54,false,"York Running","3.01","314","00:32:26","155","170","167","245","10:47","6:44","30","30","0.89","0.0","0.0","0.0","0.0","0.0","32:26","0:00","0.0","0:00","No","00:00.00","4","0.0"
Running,2018-01-10 11:30:17,false,"York Running","3.00","325","00:31:31","164","205","167","180","10:30","3:40","37","37","0.92","0.0","0.0","0.0","0.0","0.0","31:31","0:00","0.0","0:00","No","00:00.00","4","0.0"
Running,2018-01-08 13:16:09,false,"York Running","2.02","202","00:21:37","150","166","169","181","10:43","4:50","24","25","0.89","0.0","0.0","0.0","0.0","0.0","21:37","0:00","0.0","0:00","No","00:00.00","3","0.0"
Running,2018-01-07 08:54:17,false,"York Running","3.01","314","00:32:29","155","167","171","186","10:48","4:53","67","63","0.87","0.0","0.0","0.0","0.0","0.0","32:29","0:00","0.0","0:00","No","00:00.00","4","0.0"
Running,2018-01-05 05:56:44,false,"York Running","2.01","198","00:22:39","141","157","168","179","11:16","4:15","46","49","0.85","0.0","0.0","0.0","0.0","0.0","22:39","0:00","0.0","0:00","No","00:00.00","3","0.0"
Running,2018-01-03 08:25:34,false,"York Running","3.01","323","00:32:58","156","168","166","179","10:58","2:51","54","53","0.88","0.0","0.0","0.0","0.0","0.0","32:58","0:00","0.0","0:00","No","00:00.00","4","0.0"
Running,2018-01-01 08:22:06,false,"York Running","3.01","296","00:32:14","147","162","167","179","10:43","8:56","24","20","0.90","0.0","0.0","0.0","0.0","0.0","32:14","0:00","0.0","0:00","No","00:00.00","4","0.0"
Running,2017-12-04 10:33:23,false,"York Running","2.01","169","00:20:06","143","173","167","179","10:00","3:47","12","--","0.96","0.0","0.0","0.0","0.0","0.0","20:06","0:00","0.0","0:00","No","00:00.00","3","0.0"
Running,2017-11-15 07:32:33,false,"York Running","3.01","304","00:31:41","153","168","171","185","10:32","6:36","38","45","0.89","0.0","0.0","0.0","0.0","0.0","31:41","0:00","0.0","0:00","No","00:00.00","4","0.0"
Running,2017-11-12 08:36:03,false,"York Running","3.01","291","00:30:47","151","168","171","190","10:14","8:26","51","22","0.92","0.0","0.0","0.0","0.0","0.0","30:47","0:00","0.0","0:00","No","00:00.00","4","0.0"
Running,2017-11-10 07:42:00,false,"York Running","3.87","411","00:42:17","154","170","170","186","10:56","4:57","67","55","0.87","0.0","0.0","0.0","0.0","0.0","42:17","0:00","0.0","0:00","No","00:00.00","4","0.0"
Running,2017-11-08 07:31:50,false,"York Running","2.01","197","00:20:48","151","166","170","179","10:21","5:24","24","22","0.91","0.0","0.0","0.0","0.0","0.0","20:48","0:00","0.0","0:00","No","00:00.00","3","0.0"
Running,2017-11-07 07:25:45,false,"York Running","2.50","251","00:25:51","154","171","169","181","10:19","4:45","46","38","0.92","0.0","0.0","0.0","0.0","0.0","25:51","0:00","0.0","0:00","No","00:00.00","3","0.0"
Running,2017-11-05 08:33:40,false,"York Running","2.96","301","00:31:16","152","166","171","186","10:34","3:16","76","77","0.89","0.0","0.0","0.0","0.0","0.0","31:16","0:00","0.0","0:00","No","00:00.00","3","0.0"
Running,2017-11-03 07:47:37,false,"York Running","1.93","183","00:19:59","147","167","171","188","10:22","9:33","14","--","0.91","0.0","0.0","0.0","0.0","0.0","19:59","0:00","0.0","0:00","No","00:00.00","--","0.0"
Running,2017-11-01 07:44:12,false,"York Running","2.01","200","00:21:36","147","163","164","179","10:46","8:49","36","--","0.91","0.0","0.0","0.0","0.0","0.0","21:36","0:00","0.0","0:00","No","00:00.00","--","0.0"
Running,2017-10-31 07:28:45,false,"York Running","2.01","194","00:21:25","143","158","167","178","10:40","8:11","--","2","0.91","0.0","0.0","0.0","0.0","0.0","21:25","0:00","0.0","0:00","No","00:00.00","--","0.0"
Running,2017-10-29 07:58:00,false,"York Running","2.78","274","00:29:26","148","164","168","183","10:34","4:40","40","24","0.90","0.0","0.0","0.0","0.0","0.0","29:26","0:00","0.0","0:00","No","00:00.00","--","0.0"
Running,2017-10-27 08:03:47,false,"York Running","2.01","203","00:21:00","154","178","169","179","10:27","5:04","23","19","0.91","0.0","0.0","0.0","0.0","0.0","21:00","0:00","0.0","0:00","No","00:00.00","--","0.0"
Running,2017-10-24 07:31:45,false,"York Running","2.01","210","00:22:35","148","164","160","181","11:16","7:19","25","12","0.89","0.0","0.0","0.0","0.0","0.0","22:35","0:00","0.0","0:00","No","00:00.00","--","0.0"
Running,2017-10-21 07:50:30,false,"York Running","2.01","209","00:22:17","149","167","166","174","11:06","6:04","23","32","0.87","0.0","0.0","0.0","0.0","0.0","22:17","0:00","0.0","0:00","No","00:00.00","--","0.0"
Running,2017-10-17 07:24:00,false,"York Running","2.01","201","00:22:30","141","156","165","183","11:13","10:18","--","--","0.87","0.0","0.0","0.0","0.0","0.0","22:30","0:00","0.0","0:00","No","00:00.00","--","0.0"
Running,2017-08-13 07:09:34,false,"Running","1.01","102","00:10:36","153","165","167","181","10:32","9:35","--","--","0.92","0.0","0.0","0.0","0.0","0.0","10:36","0:00","0.0","0:00","No","00:00.00","--","0.0"
Running,2017-05-30 16:38:25,false,"Clifton Ward Running","2.93","310","00:32:22","151","166","160","178","11:03","5:34","48","27","0.91","0.0","0.0","0.0","0.0","0.0","32:22","0:00","0.0","0:00","No","00:00.00","--","0.0"
Running,2017-05-15 16:38:04,false,"Clifton Ward Running","2.00","197","00:20:35","152","166","167","176","10:18","9:25","13","--","0.94","0.0","0.0","0.0","0.0","0.0","20:35","0:00","0.0","0:00","No","00:00.00","--","0.0"
Running,2017-05-08 07:24:37,false,"Guildhall Ward Running","3.06","309","00:30:37","159","172","166","181","10:01","5:06","45","46","0.96","0.0","0.0","0.0","0.0","0.0","30:37","0:00","0.0","0:00","No","00:00.00","--","0.0"
Running,2017-05-06 06:25:44,false,"Guildhall Ward Running","3.01","306","00:31:37","152","165","169","181","10:30","4:13","63","55","0.00","0.0","0.0","0.0","0.0","0.0","31:37","0:00","0.0","0:00","No","00:00.00","--","0.0"
Running,2017-05-04 16:34:07,false,"Clifton Ward Running","2.86","300","00:31:23","150","165","161","245","10:59","5:23","40","29","0.00","0.0","0.0","0.0","0.0","0.0","31:23","0:00","0.0","0:00","No","00:00.00","--","0.0"
Running,2017-04-16 08:01:44,false,"Guildhall Ward Running","5.00","488","00:52:30","148","163","171","186","10:30","7:17","67","58","0.90","0.0","0.0","0.0","0.0","0.0","52:30","0:00","0.0","0:00","No","00:00.00","--","0.0"
Running,2017-04-14 07:03:37,false,"Guildhall Ward Running","3.20","315","00:33:21","150","167","170","183","10:25","8:49","49","49","0.91","0.0","0.0","0.0","0.0","0.0","33:21","0:00","0.0","0:00","No","00:00.00","--","0.0"
Running,2017-04-12 16:45:23,false,"Guildhall Ward Running","3.00","300","00:32:52","146","161","166","236","10:57","7:33","39","37","0.89","0.0","0.0","0.0","0.0","0.0","32:52","0:00","0.0","0:00","No","00:00.00","--","0.0"
Running,2017-04-10 16:37:52,false,"Guildhall Ward Running","3.01","306","00:32:32","150","166","161","186","10:49","6:49","52","51","0.93","0.0","0.0","0.0","0.0","0.0","32:32","0:00","0.0","0:00","No","00:00.00","--","0.0"
Running,2017-04-09 07:29:36,false,"Guildhall Ward Running","4.01","403","00:43:33","149","164","169","183","10:52","3:22","39","35","0.87","0.0","0.0","0.0","0.0","0.0","43:33","0:00","0.0","0:00","No","00:00.00","--","0.0"
Running,2017-04-07 07:02:21,false,"Guildhall Ward Running","3.01","295","00:32:40","145","158","166","186","10:52","4:52","39","39","0.89","0.0","0.0","0.0","0.0","0.0","32:40","0:00","0.0","0:00","No","00:00.00","--","0.0"
Running,2017-04-05 07:35:51,false,"Clifton Ward Running","3.00","306","00:32:03","152","164","167","178","10:40","1:36","34","33","0.90","0.0","0.0","0.0","0.0","0.0","32:03","0:00","0.0","0:00","No","00:00.00","--","0.0"
Running,2017-04-03 07:15:54,false,"Clifton Ward Running","3.01","275","00:32:45","138","154","167","179","10:53","7:45","40","38","0.88","0.0","0.0","0.0","0.0","0.0","32:45","0:00","0.0","0:00","No","00:00.00","--","0.0"
Running,2017-03-25 07:26:51,false,"Guildhall Ward Running","3.10","303","00:32:12","152","164","167","182","10:24","7:14","57","42","0.93","0.0","0.0","0.0","0.0","0.0","32:12","0:00","0.0","0:00","No","00:00.00","--","0.0"
Running,2017-03-24 17:19:29,false,"Guildhall Ward Running","2.92","304","00:32:19","150","161","160","186","11:04","4:24","33","32","0.91","0.0","0.0","0.0","0.0","0.0","32:19","0:00","0.0","0:00","No","00:00.00","--","0.0"
Running,2017-03-22 16:48:47,false,"Guildhall Ward Running","3.01","295","00:33:45","144","163","157","178","11:14","7:37","16","24","0.91","0.0","0.0","0.0","0.0","0.0","33:45","0:00","0.0","0:00","No","00:00.00","--","0.0"
Running,2017-03-20 16:30:03,false,"Heworth Ward Running","2.97","299","00:31:59","149","190","163","174","10:47","8:46","25","11","0.91","0.0","0.0","0.0","0.0","0.0","31:59","0:00","0.0","0:00","No","00:00.00","--","0.0"
Running,2017-03-11 07:27:59,false,"Guildhall Ward Running","2.99","322","00:33:11","155","184","167","179","11:06","5:59","40","38","0.87","0.0","0.0","0.0","0.0","0.0","33:11","0:00","0.0","0:00","No","00:00.00","--","0.0"
Running,2017-03-06 16:41:21,false,"Clifton Ward Running","1.98","185","00:20:57","142","159","167","175","10:34","8:49","--","--","0.91","0.0","0.0","0.0","0.0","0.0","20:57","0:00","0.0","0:00","No","00:00.00","--","0.0"
Running,2017-03-02 16:30:10,false,"Guildhall Ward Running","2.00","189","00:20:05","154","173","168","245","10:04","2:19","14","11","0.95","0.0","0.0","0.0","0.0","0.0","20:05","0:00","0.0","0:00","No","00:00.00","--","0.0"
Running,2017-02-27 16:34:07,false,"Clifton Ward Running","1.99","196","00:20:48","151","172","165","173","10:27","3:53","5","--","0.93","0.0","0.0","0.0","0.0","0.0","20:48","0:00","0.0","0:00","No","00:00.00","--","0.0"
Running,2017-02-15 16:31:33,false,"Guildhall Ward Running","1.96","194","00:21:03","148","166","166","174","10:43","5:42","4","14","0.90","0.0","0.0","0.0","0.0","0.0","21:03","0:00","0.0","0:00","No","00:00.00","--","0.0"
Running,2017-02-09 16:38:49,false,"Clifton Ward Running","1.98","215","00:20:46","164","186","168","176","10:30","8:33","13","--","0.91","0.0","0.0","0.0","0.0","0.0","20:46","0:00","0.0","0:00","No","00:00.00","--","0.0"
Running,2017-02-07 16:30:24,false,"Guildhall Ward Running","1.95","200","00:21:02","152","167","168","184","10:48","6:13","--","--","0.89","0.0","0.0","0.0","0.0","0.0","21:02","0:00","0.0","0:00","No","00:00.00","--","0.0"
Running,2017-01-29 08:24:03,false,"Guildhall Ward Running","2.99","271","00:32:06","141","161","170","186","10:45","3:18","57","57","0.88","0.0","0.0","0.0","0.0","0.0","32:06","0:00","0.0","0:00","No","00:00.00","--","0.0"
Running,2017-01-24 16:43:46,false,"Guildhall Ward Running","2.92","290","00:32:54","143","157","165","247","11:16","3:54","30","29","0.86","0.0","0.0","0.0","0.0","0.0","32:54","0:00","0.0","0:00","No","00:00.00","--","0.0"
Running,2017-01-22 08:21:18,false,"Guildhall Ward Running","3.00","280","00:32:22","144","160","170","180","10:47","6:16","33","23","0.88","0.0","0.0","0.0","0.0","0.0","32:22","0:00","0.0","0:00","No","00:00.00","--","0.0"
Running,2017-01-19 16:34:35,false,"Guildhall Ward Running","2.00","182","00:21:27","141","164","167","178","10:42","8:59","18","14","0.90","0.0","0.0","0.0","0.0","0.0","21:27","0:00","0.0","0:00","No","00:00.00","--","0.0"
Running,2017-01-17 16:44:40,false,"Clifton Ward Running","2.00","195","00:21:36","147","160","169","179","10:47","6:47","12","--","0.88","0.0","0.0","0.0","0.0","0.0","21:36","0:00","0.0","0:00","No","00:00.00","--","0.0"
Running,2017-01-14 07:53:58,false,"Guildhall Ward Running","2.00","207","00:21:31","156","177","169","178","10:44","8:38","26","21","0.89","0.0","0.0","0.0","0.0","0.0","21:31","0:00","0.0","0:00","No","00:00.00","--","0.0"
Running,2017-01-12 16:43:10,false,"Guildhall Ward Running","0.94","84","00:09:42.5","142","157","167","178","10:17","7:00","16","17","0.94","0.0","0.0","0.0","0.0","0.0","9:42.5","0:00","0.0","0:00","No","00:00.00","--","0.0"
Running,2017-01-11 16:42:13,false,"Guildhall Ward Running","1.50","149","00:16:54","146","171","161","181","11:16","4:06","35","28","0.89","0.0","0.0","0.0","0.0","0.0","16:54","0:00","0.0","0:00","No","00:00.00","--","0.0"
Running,2017-01-09 16:36:01,false,"Guildhall Ward Running","1.01","101","00:11:40","142","155","163","173","11:36","6:31","--","--","0.85","0.0","0.0","0.0","0.0","0.0","11:40","0:00","0.0","0:00","No","00:00.00","--","0.0"
Running,2017-01-08 08:34:37,false,"Guildhall Ward Running","1.00","99","00:10:56","148","159","167","176","10:54","9:31","23","23","0.88","0.0","0.0","0.0","0.0","0.0","10:56","0:00","0.0","0:00","No","00:00.00","--","0.0"
Running,2017-01-05 16:48:12,false,"Guildhall Ward Running","1.05","107","00:11:35","150","161","163","170","11:02","10:03","16","20","0.89","0.0","0.0","0.0","0.0","0.0","11:35","0:00","0.0","0:00","No","00:00.00","--","0.0"
Running,2017-01-04 16:45:48,false,"Guildhall Ward Running","0.97","107","00:11:33","148","166","164","177","11:54","10:48","--","5","0.83","0.0","0.0","0.0","0.0","0.0","11:33","0:00","0.0","0:00","No","00:00.00","--","0.0"
Running,2017-01-01 08:04:30,false,"Guildhall Ward Running","1.00","111","00:12:17","147","158","162","174","12:15","10:18","18","20","0.81","0.0","0.0","0.0","0.0","0.0","12:17","0:00","0.0","0:00","No","00:00.00","--","0.0"
Running,2016-07-25 16:38:37,false,"Guildhall Ward Running","2.84","292","00:34:04","141","151","161","189","11:59","8:24","41","35","0.83","0.0","0.0","0.0","0.0","0.0","34:04","0:00","0.0","0:00","No","00:00.00","--","0.0"
Running,2016-07-21 16:34:45,false,"Guildhall Ward Running","4.00","381","00:47:11","137","150","165","176","11:47","3:55","43","40","0.83","0.0","0.0","0.0","0.0","0.0","47:11","0:00","0.0","0:00","No","00:00.00","--","0.0"
Running,2016-07-16 08:55:41,false,"Guildhall Ward Running","8.00","816","01:38:05","144","160","164","182","12:15","5:16","91","83","0.80","0.0","0.0","0.0","0.0","0.0","1:38:05","0:00","0.0","0:00","No","00:00.00","--","0.0"
Running,2016-07-14 16:39:26,false,"Guildhall Ward Running","4.01","421","00:44:17","151","175","164","176","11:03","5:59","23","36","0.89","0.0","0.0","0.0","0.0","0.0","44:17","0:00","0.0","0:00","No","00:00.00","--","0.0"
Running,2016-07-12 16:33:12,false,"Guildhall Ward Running","4.01","394","00:46:21","140","150","166","179","11:34","4:14","33","46","0.84","0.0","0.0","0.0","0.0","0.0","46:21","0:00","0.0","0:00","No","00:00.00","--","0.0"
Running,2016-07-10 08:06:33,false,"Guildhall Ward Running","6.01","547","01:09:46","136","153","165","183","11:37","8:30","60","58","0.84","0.0","0.0","0.0","0.0","0.0","1:09:46","0:00","0.0","0:00","No","00:00.00","--","0.0"
Running,2016-07-06 16:35:41,false,"Naburn Running","2.92","301","00:32:11","149","165","163","174","11:00","5:31","33","31","0.90","0.0","0.0","0.0","0.0","0.0","32:11","0:00","0.0","0:00","No","00:00.00","--","0.0"
Running,2016-07-04 16:35:33,false,"Guildhall Ward Running","1.94","197","00:23:11","137","150","166","181","11:57","5:39","23","28","0.81","0.0","0.0","0.0","0.0","0.0","23:11","0:00","0.0","0:00","No","00:00.00","--","0.0"
Running,2016-06-27 16:45:14,false,"Guildhall Ward Running","2.96","265","00:33:27","133","149","164","174","11:18","2:19","31","30","0.87","0.0","0.0","0.0","0.0","0.0","33:27","0:00","0.0","0:00","No","00:00.00","--","0.0"
Running,2016-06-20 16:19:12,false,"Naburn Running","2.96","299","00:33:16","144","158","163","181","11:15","10:03","25","27","0.88","0.0","0.0","0.0","0.0","0.0","33:16","0:00","0.0","0:00","No","00:00.00","--","0.0"
Running,2016-06-15 07:57:46,false,"Guildhall Ward Running","4.00","417","00:48:25","141","156","164","181","12:06","10:09","73","67","0.81","0.0","0.0","0.0","0.0","0.0","48:25","0:00","0.0","0:00","No","00:00.00","--","0.0"
Running,2016-06-13 17:06:39,false,"Guildhall Ward Running","5.00","480","00:58:04","140","150","164","175","11:37","4:34","52","47","0.85","0.0","0.0","0.0","0.0","0.0","58:04","0:00","0.0","0:00","No","00:00.00","--","0.0"
Running,2016-06-11 07:17:49,false,"Guildhall Ward Running","6.00","537","01:08:41","138","153","166","184","11:27","3:16","61","54","0.84","0.0","0.0","0.0","0.0","0.0","1:08:41","0:00","0.0","0:00","No","00:00.00","--","0.0"
Running,2016-06-09 16:30:02,false,"Guildhall Ward Running","3.01","310","00:36:26","141","155","161","183","12:08","6:17","30","27","0.82","0.0","0.0","0.0","0.0","0.0","36:26","0:00","0.0","0:00","No","00:00.00","--","0.0"
Running,2016-06-05 08:16:03,false,"Guildhall Ward Running","10.00","892","02:04:39","138","153","166","181","12:27","5:01","124","111","0.78","0.0","0.0","0.0","0.0","0.0","2:04:39","0:00","0.0","0:00","No","00:00.00","--","0.0"
Running,2016-06-03 16:52:19,false,"Guildhall Ward Running","4.00","381","00:45:12","139","149","165","179","11:17","6:11","34","47","0.86","0.0","0.0","0.0","0.0","0.0","45:12","0:00","0.0","0:00","No","00:00.00","--","0.0"
Running,2016-05-31 16:37:22,false,"Guildhall Ward Running","4.99","442","00:56:47","137","157","163","180","11:23","7:26","57","56","0.87","0.0","0.0","0.0","0.0","0.0","56:47","0:00","0.0","0:00","No","00:00.00","--","0.0"
Running,2016-05-30 15:17:03,false,"Guildhall Ward Running","3.00","292","00:36:13","137","146","162","181","12:03","7:00","33","33","0.83","0.0","0.0","0.0","0.0","0.0","36:13","0:00","0.0","0:00","No","00:00.00","--","0.0"
Running,2016-05-28 10:32:26,false,"Guildhall Ward Running","6.41","624","01:19:07","141","151","165","231","12:20","8:43","76","74","0.79","0.0","0.0","0.0","0.0","0.0","1:19:07","0:00","0.0","0:00","No","00:00.00","--","0.0"
Running,2016-05-24 16:47:42,false,"Guildhall Ward Running","4.00","397","00:47:19","141","151","166","186","11:49","9:33","21","23","0.82","0.0","0.0","0.0","0.0","0.0","47:19","0:00","0.0","0:00","No","00:00.00","--","0.0"
Running,2016-05-23 17:01:56,false,"Guildhall Ward Running","3.01","294","00:35:19","139","149","167","179","11:45","7:23","14","25","0.82","0.0","0.0","0.0","0.0","0.0","35:19","0:00","0.0","0:00","No","00:00.00","--","0.0"
Running,2016-05-21 07:04:44,false,"Guildhall Ward Running","9.68","945","02:01:36","142","156","166","187","12:34","7:34","101","97","0.77","0.0","0.0","0.0","0.0","0.0","2:01:36","0:00","0.0","0:00","No","00:00.00","--","0.0"
Running,2016-05-19 16:30:07,false,"Guildhall Ward Running","6.01","546","01:09:09","138","152","162","181","11:31","2:47","61","59","0.86","0.0","0.0","0.0","0.0","0.0","1:09:09","0:00","0.0","0:00","No","00:00.00","--","0.0"
Running,2016-05-17 16:47:52,false,"Guildhall Ward Running","3.00","280","00:34:49","136","146","162","210","11:35","7:51","29","31","0.86","0.0","0.0","0.0","0.0","0.0","34:49","0:00","0.0","0:00","No","00:00.00","--","0.0"
Running,2016-05-16 16:52:52,false,"Guildhall Ward Running","4.00","405","00:50:06","138","152","154","178","12:31","5:07","52","46","0.83","0.0","0.0","0.0","0.0","0.0","50:06","0:00","0.0","0:00","No","00:00.00","--","0.0"
Running,2016-05-12 16:48:02,false,"Guildhall Ward Running","6.00","612","01:13:38","143","153","163","178","12:16","8:43","51","58","0.80","0.0","0.0","0.0","0.0","0.0","1:13:38","0:00","0.0","0:00","No","00:00.00","--","0.0"
Running,2016-05-09 16:48:44,false,"Guildhall Ward Running","3.01","303","00:36:21","138","149","158","177","12:05","3:45","33","34","0.84","0.0","0.0","0.0","0.0","0.0","36:21","0:00","0.0","0:00","No","00:00.00","--","0.0"
Running,2016-05-07 07:11:51,false,"Guildhall Ward Running","10.01","848","01:59:16","138","150","164","179","11:55","4:32","143","140","0.82","0.0","0.0","0.0","0.0","0.0","1:59:16","0:00","0.0","0:00","No","00:00.00","--","0.0"
Running,2016-05-05 16:35:28,false,"Guildhall Ward Running","4.01","440","00:46:56","149","162","164","182","11:43","1:52","27","41","0.84","0.0","0.0","0.0","0.0","0.0","46:56","0:00","0.0","0:00","No","00:00.00","--","0.0"
Running,2016-05-03 16:34:56,false,"Guildhall Ward Running","4.00","407","00:48:26","139","150","158","177","12:06","8:35","23","24","0.84","0.0","0.0","0.0","0.0","0.0","48:26","0:00","0.0","0:00","No","00:00.00","--","0.0"
Running,2016-05-02 07:51:32,false,"Guildhall Ward Running","3.00","280","00:35:12","134","144","166","176","11:43","10:18","63","64","0.83","0.0","0.0","0.0","0.0","0.0","35:12","0:00","0.0","0:00","No","00:00.00","--","0.0"
Running,2016-04-30 14:12:37,false,"Guildhall Ward Running","9.01","801","01:49:12","139","153","161","178","12:08","5:47","108","92","0.82","0.0","0.0","0.0","0.0","0.0","1:49:12","0:00","0.0","0:00","No","00:00.00","--","0.0"
Running,2016-04-28 16:55:32,false,"Guildhall Ward Running","4.01","375","00:46:25","138","161","162","183","11:35","7:51","36","54","0.86","0.0","0.0","0.0","0.0","0.0","46:25","0:00","0.0","0:00","No","00:00.00","--","0.0"
Running,2016-04-26 16:36:45,false,"Guildhall Ward Running","4.00","434","00:51:09","141","155","152","239","12:47","5:58","66","65","0.83","0.0","0.0","0.0","0.0","0.0","51:09","0:00","0.0","0:00","No","00:00.00","--","0.0"
Running,2016-04-25 16:57:30,false,"Guildhall Ward Running","3.01","307","00:35:43","139","150","163","181","11:53","6:07","29","31","0.83","0.0","0.0","0.0","0.0","0.0","35:43","0:00","0.0","0:00","No","00:00.00","--","0.0"
Running,2016-04-23 14:08:56,false,"Guildhall Ward Running","7.00","684","01:25:46","139","164","160","179","12:15","8:38","90","105","0.82","0.0","0.0","0.0","0.0","0.0","1:25:46","0:00","0.0","0:00","No","00:00.00","--","0.0"
Running,2016-04-21 16:47:56,false,"Guildhall Ward Running","4.00","428","00:50:39","138","150","154","179","12:39","7:36","37","35","0.83","0.0","0.0","0.0","0.0","0.0","50:39","0:00","0.0","0:00","No","00:00.00","--","0.0"
Running,2016-04-19 16:56:53,false,"Guildhall Ward Running","4.00","418","00:48:02","139","153","155","181","12:00","7:12","31","45","0.86","0.0","0.0","0.0","0.0","0.0","48:02","0:00","0.0","0:00","No","00:00.00","--","0.0"
Running,2016-04-16 07:45:43,false,"Guildhall Ward Running","8.01","711","01:33:45","136","148","166","183","11:43","6:57","100","96","0.83","0.0","0.0","0.0","0.0","0.0","1:33:45","0:00","0.0","0:00","No","00:00.00","--","0.0"
Running,2016-04-14 16:27:20,false,"Guildhall Ward Running","3.00","289","00:33:58","135","146","162","180","11:18","5:51","33","39","0.88","0.0","0.0","0.0","0.0","0.0","33:58","0:00","0.0","0:00","No","00:00.00","--","0.0"
Running,2016-04-13 16:36:08,false,"Guildhall Ward Running","4.00","377","00:44:56","136","147","167","181","11:13","3:35","43","43","0.86","0.0","0.0","0.0","0.0","0.0","44:56","0:00","0.0","0:00","No","00:00.00","--","0.0"
Running,2016-04-11 16:46:40,false,"Guildhall Ward Running","3.00","269","00:33:36","132","148","161","184","11:11","1:22","25","29","0.90","0.0","0.0","0.0","0.0","0.0","33:36","0:00","0.0","0:00","No","00:00.00","--","0.0"
Running,2016-04-10 08:09:07,false,"Guildhall Ward Running","7.00","587","01:16:17","135","149","167","184","10:53","1:23","99","88","0.88","0.0","0.0","0.0","0.0","0.0","1:16:17","0:00","0.0","0:00","No","00:00.00","--","0.0"
Running,2016-04-07 09:09:19,false,"Guildhall Ward Running","3.00","275","00:33:27","135","146","168","184","11:08","5:59","33","30","0.86","0.0","0.0","0.0","0.0","0.0","33:27","0:00","0.0","0:00","No","00:00.00","--","0.0"
Running,2016-04-05 08:45:09,false,"Saint Anne's on the Sea Running","6.03","550","01:10:28","137","148","164","184","11:42","7:11","50","48","0.84","0.0","0.0","0.0","0.0","0.0","1:10:28","0:00","0.0","0:00","No","00:00.00","--","0.0"
Running,2016-04-03 07:38:35,false,"Saint Anne's on the Sea Running","4.00","336","00:45:56","130","142","167","181","11:29","2:12","51","53","0.84","0.0","0.0","0.0","0.0","0.0","45:56","0:00","0.0","0:00","No","00:00.00","--","0.0"
Running,2016-03-30 16:54:35,false,"Guildhall Ward Running","3.00","256","00:33:45","130","143","164","176","11:14","4:11","46","42","0.87","0.0","0.0","0.0","0.0","0.0","33:45","0:00","0.0","0:00","No","00:00.00","--","0.0"
Running,2016-03-28 08:02:57,false,"Guildhall Ward Running","5.00","409","00:58:08","131","145","167","185","11:37","7:30","134","133","0.83","0.0","0.0","0.0","0.0","0.0","58:08","0:00","0.0","0:00","No","00:00.00","--","0.0"
Running,2016-03-26 08:14:37,false,"Guildhall Ward Running","7.00","549","01:21:21","132","142","167","186","11:37","3:10","86","96","0.83","0.0","0.0","0.0","0.0","0.0","1:21:21","0:00","0.0","0:00","No","00:00.00","--","0.0"
Running,2016-03-24 16:45:47,false,"Guildhall Ward Running","4.00","325","00:46:41","130","139","163","240","11:39","9:06","33","47","0.85","0.0","0.0","0.0","0.0","0.0","46:41","0:00","0.0","0:00","No","00:00.00","--","0.0"
Running,2016-03-19 07:28:32,false,"Guildhall Ward Running","6.00","518","01:15:23","134","146","166","183","12:33","6:33","88","90","0.77","0.0","0.0","0.0","0.0","0.0","1:15:23","0:00","0.0","0:00","No","00:00.00","--","0.0"
Running,2016-03-17 16:32:38,false,"Guildhall Ward Running","3.00","263","00:37:19","131","140","156","179","12:25","1:58","44","53","0.83","0.0","0.0","0.0","0.0","0.0","37:19","0:00","0.0","0:00","No","00:00.00","--","0.0"
Running,2016-03-15 17:28:42,false,"Guildhall Ward Running","3.00","286","00:38:15","135","148","159","174","12:44","4:16","33","31","0.80","0.0","0.0","0.0","0.0","0.0","38:15","0:00","0.0","0:00","No","00:00.00","--","0.0"
Running,2016-03-12 07:20:18,false,"Guildhall Ward Running","4.01","372","00:50:49","136","145","162","178","12:41","9:11","88","86","0.78","0.0","0.0","0.0","0.0","0.0","50:49","0:00","0.0","0:00","No","00:00.00","--","0.0"
Running,2016-03-10 16:42:22,false,"Guildhall Ward Running","2.89","268","00:35:48","135","143","163","179","12:24","6:09","17","29","0.79","0.0","0.0","0.0","0.0","0.0","35:48","0:00","0.0","0:00","No","00:00.00","--","0.0"
Running,2016-03-08 16:55:05,false,"Guildhall Ward Running","3.01","297","00:32:18","157","182","163","187","10:45","6:18","32","30","0.92","0.0","0.0","0.0","0.0","0.0","32:18","0:00","0.0","0:00","No","00:00.00","--","0.0"
Running,2014-03-17 16:33:46,false,"Untitled","5.00","589","00:45:19","--","--","--","--","9:04","6:41","56","55","0.00","0.0","0.0","0.0","0.0","0.0","45:19","0:00","0.0","0:00","No","00:00.00","--","0.0"
Running,2014-03-15 09:09:22,false,"Untitled","7.00","844","01:07:03","--","--","--","--","9:34","5:39","111","113","0.00","0.0","0.0","0.0","0.0","0.0","1:07:03","0:00","0.0","0:00","No","00:00.00","--","0.0"
Running,2014-03-13 16:51:09,false,"Untitled","4.00","477","00:35:50","--","--","--","--","8:57","5:56","35","47","0.00","0.0","0.0","0.0","0.0","0.0","35:50","0:00","0.0","0:00","No","00:00.00","--","0.0"
Running,2014-03-12 16:37:24,false,"Untitled","4.00","473","00:38:32","--","--","--","--","9:37","6:58","35","41","0.00","0.0","0.0","0.0","0.0","0.0","38:32","0:00","0.0","0:00","No","00:00.00","--","0.0"
Running,2014-03-09 09:56:45,false,"Untitled","5.00","590","00:48:41","--","--","--","--","9:44","6:03","50","46","0.00","0.0","0.0","0.0","0.0","0.0","48:41","0:00","0.0","0:00","No","00:00.00","--","0.0"
Running,2014-03-07 08:58:56,false,"Untitled","8.00","959","01:19:36","--","--","--","--","9:57","4:00","89","92","0.00","0.0","0.0","0.0","0.0","0.0","1:19:36","0:00","0.0","0:00","No","00:00.00","--","0.0"
Running,2014-03-05 14:44:15,false,"Untitled","4.01","480","00:40:37","--","--","--","--","10:08","4:49","50","57","0.00","0.0","0.0","0.0","0.0","0.0","40:37","0:00","0.0","0:00","No","00:00.00","--","0.0"
Running,2014-03-01 08:31:26,false,"Untitled","8.00","952","01:18:14","--","--","--","--","9:47","5:14","134","139","0.00","0.0","0.0","0.0","0.0","0.0","1:18:14","0:00","0.0","0:00","No","00:00.00","--","0.0"
Running,2014-02-27 16:35:43,false,"Untitled","4.01","480","00:37:33","--","--","--","--","9:22","3:30","78","74","0.00","0.0","0.0","0.0","0.0","0.0","37:33","0:00","0.0","0:00","No","00:00.00","--","0.0"
Running,2014-02-26 16:20:09,false,"Untitled","4.01","473","00:36:41","--","--","--","--","9:09","6:22","37","48","0.00","0.0","0.0","0.0","0.0","0.0","36:41","0:00","0.0","0:00","No","00:00.00","--","0.0"
Running,2014-02-24 16:27:50,false,"Untitled","4.01","470","00:37:22","--","--","--","--","9:19","5:22","22","34","0.00","0.0","0.0","0.0","0.0","0.0","37:22","0:00","0.0","0:00","No","00:00.00","--","0.0"
Running,2014-02-19 16:54:37,false,"Untitled","6.00","724","00:57:11","--","--","--","--","9:32","4:26","117","110","0.00","0.0","0.0","0.0","0.0","0.0","57:11","0:00","0.0","0:00","No","00:00.00","--","0.0"
Running,2014-02-17 16:30:08,false,"Untitled","4.00","474","00:39:07","--","--","--","--","9:47","6:08","48","48","0.00","0.0","0.0","0.0","0.0","0.0","39:07","0:00","0.0","0:00","No","00:00.00","--","0.0"
Running,2014-02-15 08:40:42,false,"Untitled","8.00","959","01:17:54","--","--","--","--","9:44","5:12","142","137","0.00","0.0","0.0","0.0","0.0","0.0","1:17:54","0:00","0.0","0:00","No","00:00.00","--","0.0"
Running,2014-02-13 16:50:34,false,"Untitled","4.02","475","00:38:37","--","--","--","--","9:37","5:56","46","46","0.00","0.0","0.0","0.0","0.0","0.0","38:37","0:00","0.0","0:00","No","00:00.00","--","0.0"
Running,2014-02-12 16:40:35,false,"Untitled","4.00","469","00:37:59","--","--","--","--","9:29","6:22","32","46","0.00","0.0","0.0","0.0","0.0","0.0","37:59","0:00","0.0","0:00","No","00:00.00","--","0.0"
Running,2014-02-10 17:00:41,false,"Untitled","6.00","708","00:56:55","--","--","--","--","9:29","5:34","70","74","0.00","0.0","0.0","0.0","0.0","0.0","56:55","0:00","0.0","0:00","No","00:00.00","--","0.0"
Running,2014-02-06 14:25:53,false,"Untitled","4.00","479","00:38:43","--","--","--","--","9:40","3:21","50","47","0.00","0.0","0.0","0.0","0.0","0.0","38:43","0:00","0.0","0:00","No","00:00.00","--","0.0"
Running,2014-02-04 16:39:09,false,"Untitled","4.00","474","00:38:03","--","--","--","--","9:30","4:02","43","46","0.00","0.0","0.0","0.0","0.0","0.0","38:03","0:00","0.0","0:00","No","00:00.00","--","0.0"
Running,2014-02-01 09:10:17,false,"Untitled","6.01","728","00:59:47","--","--","--","--","9:57","5:00","126","133","0.00","0.0","0.0","0.0","0.0","0.0","59:47","0:00","0.0","0:00","No","00:00.00","--","0.0"
Running,2014-01-30 16:46:24,false,"Untitled","3.00","357","00:28:18","--","--","--","--","9:25","6:17","77","73","0.00","0.0","0.0","0.0","0.0","0.0","28:18","0:00","0.0","0:00","No","00:00.00","--","0.0"
Running,2014-01-29 16:57:16,false,"Untitled","6.00","721","00:58:42","--","--","--","--","9:47","4:04","77","76","0.00","0.0","0.0","0.0","0.0","0.0","58:42","0:00","0.0","0:00","No","00:00.00","--","0.0"
Running,2014-01-27 16:43:45,false,"Untitled","3.50","415","00:34:37","--","--","--","--","9:53","6:00","86","92","0.00","0.0","0.0","0.0","0.0","0.0","34:37","0:00","0.0","0:00","No","00:00.00","--","0.0"
Running,2014-01-26 10:12:39,false,"Untitled","4.51","535","00:43:44","--","--","--","--","9:42","2:28","38","37","0.00","0.0","0.0","0.0","0.0","0.0","43:44","0:00","0.0","0:00","No","00:00.00","--","0.0"
Running,2014-01-24 16:26:51,false,"Untitled","4.01","471","00:37:10","--","--","--","--","9:17","4:35","28","38","0.00","0.0","0.0","0.0","0.0","0.0","37:10","0:00","0.0","0:00","No","00:00.00","--","0.0"
Running,2014-01-22 16:41:26,false,"Untitled","3.00","355","00:26:57","--","--","--","--","8:58","4:19","69","73","0.00","0.0","0.0","0.0","0.0","0.0","26:57","0:00","0.0","0:00","No","00:00.00","--","0.0"
Running,2014-01-20 17:00:19,false,"Untitled","5.00","596","00:49:04","--","--","--","--","9:49","5:58","59","60","0.00","0.0","0.0","0.0","0.0","0.0","49:04","0:00","0.0","0:00","No","00:00.00","--","0.0"
Running,2014-01-15 16:42:06,false,"Untitled","3.01","357","00:28:01","--","--","--","--","9:19","5:09","5","10","0.00","0.0","0.0","0.0","0.0","0.0","28:01","0:00","0.0","0:00","No","00:00.00","--","0.0"
Running,2013-12-11 17:00:46,false,"Untitled","4.01","475","00:37:50","--","--","--","--","9:26","7:08","11","23","0.00","0.0","0.0","0.0","0.0","0.0","37:50","0:00","0.0","0:00","No","00:00.00","--","0.0"
Running,2013-12-04 17:11:06,false,"Untitled","2.98","360","00:29:45","--","--","--","--","9:58","6:16","60","54","0.00","0.0","0.0","0.0","0.0","0.0","29:45","0:00","0.0","0:00","No","00:00.00","--","0.0"
Running,2013-11-17 09:04:33,false,"Untitled","3.01","373","00:29:05","--","--","--","--","9:40","4:24","54","48","0.00","0.0","0.0","0.0","0.0","0.0","29:05","0:00","0.0","0:00","No","00:00.00","--","0.0"
Running,2013-11-10 11:07:58,false,"Windmill 10k","6.12","726","00:49:34","--","--","--","--","8:06","4:21","51","49","0.00","0.0","0.0","0.0","0.0","0.0","49:34","0:00","0.0","0:00","No","00:00.00","--","0.0"
Running,2013-11-07 17:17:14,false,"Untitled","5.01","599","00:46:19","--","--","--","--","9:15","4:30","112","107","0.00","0.0","0.0","0.0","0.0","0.0","46:19","0:00","0.0","0:00","No","00:00.00","--","0.0"
Running,2013-11-06 17:22:26,false,"Untitled","4.00","473","00:38:49","--","--","--","--","9:42","5:57","43","38","0.00","0.0","0.0","0.0","0.0","0.0","38:49","0:00","0.0","0:00","No","00:00.00","--","0.0"
Running,2013-11-02 08:43:28,false,"Untitled","8.01","988","01:23:42","--","--","--","--","10:27","5:25","122","122","0.00","0.0","0.0","0.0","0.0","0.0","1:23:42","0:00","0.0","0:00","No","00:00.00","--","0.0"
Running,2013-10-30 16:30:09,false,"Untitled","6.01","716","00:55:52","--","--","--","--","9:18","5:52","116","115","0.00","0.0","0.0","0.0","0.0","0.0","55:52","0:00","0.0","0:00","No","00:00.00","--","0.0"
Running,2013-10-25 11:39:30,false,"Untitled","10.00","1,202","01:41:07","--","--","--","--","10:06","3:48","133","135","0.00","0.0","0.0","0.0","0.0","0.0","1:41:07","0:00","0.0","0:00","No","00:00.00","--","0.0"
Running,2013-10-23 16:34:33,false,"Untitled","4.00","449","00:35:54","--","--","--","--","8:58","2:32","26","40","0.00","0.0","0.0","0.0","0.0","0.0","35:54","0:00","0.0","0:00","No","00:00.00","--","0.0"
Running,2013-10-19 09:30:23,false,"Untitled","9.01","1,078","01:28:59","--","--","--","--","9:53","1:46","132","137","0.00","0.0","0.0","0.0","0.0","0.0","1:28:59","0:00","0.0","0:00","No","00:00.00","--","0.0"
Running,2013-10-16 17:05:35,false,"Untitled","6.01","721","00:57:06","--","--","--","--","9:30","5:06","69","65","0.00","0.0","0.0","0.0","0.0","0.0","57:06","0:00","0.0","0:00","No","00:00.00","--","0.0"
Running,2013-10-12 09:18:51,false,"Untitled","8.00","944","01:20:22","--","--","--","--","10:02","3:09","94","93","0.00","0.0","0.0","0.0","0.0","0.0","1:20:22","0:00","0.0","0:00","No","00:00.00","--","0.0"
Running,2013-10-10 16:54:22,false,"Untitled","5.01","589","00:46:55","--","--","--","--","9:22","6:31","56","55","0.00","0.0","0.0","0.0","0.0","0.0","46:55","0:00","0.0","0:00","No","00:00.00","--","0.0"
Running,2013-10-09 16:59:30,false,"Untitled","5.02","593","00:47:38","--","--","--","--","9:30","4:57","55","35","0.00","0.0","0.0","0.0","0.0","0.0","47:38","0:00","0.0","0:00","No","00:00.00","--","0.0"
Running,2013-10-04 16:57:40,false,"Untitled","4.01","473","00:37:40","--","--","172","172","9:24","6:03","22","32","0.00","0.0","0.0","0.0","0.0","0.0","37:40","0:00","0.0","0:00","No","00:00.00","--","0.0"
Running,2013-10-02 16:35:08,false,"Untitled","5.01","594","00:47:36","--","--","--","--","9:30","5:25","41","50","0.00","0.0","0.0","0.0","0.0","0.0","47:36","0:00","0.0","0:00","No","00:00.00","--","0.0"
Running,2013-09-30 16:50:16,false,"Untitled","3.01","360","00:27:49","--","--","--","--","9:15","6:04","14","13","0.00","0.0","0.0","0.0","0.0","0.0","27:49","0:00","0.0","0:00","No","00:00.00","--","0.0"
Running,2013-09-29 08:47:51,false,"Untitled","7.00","827","01:07:36","--","--","--","--","9:39","2:09","102","101","0.00","0.0","0.0","0.0","0.0","0.0","1:07:36","0:00","0.0","0:00","No","00:00.00","--","0.0"
Running,2013-09-26 16:39:46,false,"Untitled","4.01","477","00:38:02","--","--","--","--","9:29","4:39","64","63","0.00","0.0","0.0","0.0","0.0","0.0","38:02","0:00","0.0","0:00","No","00:00.00","--","0.0"
Running,2013-08-27 08:37:22,false,"Untitled","3.00","360","00:29:00","--","--","--","--","9:40","5:29","54","50","0.00","0.0","0.0","0.0","0.0","0.0","29:00","0:00","0.0","0:00","No","00:00.00","--","0.0"
Running,2013-08-24 08:47:36,false,"Untitled","3.01","364","00:31:04","--","--","--","--","10:20","5:25","52","49","0.00","0.0","0.0","0.0","0.0","0.0","31:04","0:00","0.0","0:00","No","00:00.00","--","0.0"
Running,2013-08-21 16:27:51,false,"Untitled","3.00","354","00:31:53","--","--","--","--","10:37","5:49","32","38","0.00","0.0","0.0","0.0","0.0","0.0","31:53","0:00","0.0","0:00","No","00:00.00","--","0.0"
Running,2013-08-12 16:54:06,false,"Untitled","3.01","359","00:30:14","--","--","--","--","10:03","5:58","27","42","0.00","0.0","0.0","0.0","0.0","0.0","30:14","0:00","0.0","0:00","No","00:00.00","--","0.0"
Running,2013-08-10 09:54:47,false,"Untitled","3.00","364","00:29:49","--","--","--","--","9:56","5:33","49","44","0.00","0.0","0.0","0.0","0.0","0.0","29:49","0:00","0.0","0:00","No","00:00.00","--","0.0"
Running,2013-08-01 17:00:51,false,"Untitled","2.01","241","00:18:50","--","--","--","--","9:24","6:55","--","11","0.00","0.0","0.0","0.0","0.0","0.0","18:50","0:00","0.0","0:00","No","00:00.00","--","0.0"
Running,2013-07-30 17:24:58,false,"Untitled","4.00","471","00:38:31","--","--","--","--","9:37","6:59","9","21","0.00","0.0","0.0","0.0","0.0","0.0","38:31","0:00","0.0","0:00","No","00:00.00","--","0.0"
Running,2013-07-28 08:30:29,false,"Untitled","8.00","952","01:21:53","--","--","--","--","10:14","5:50","74","77","0.00","0.0","0.0","0.0","0.0","0.0","1:21:53","0:00","0.0","0:00","No","00:00.00","--","0.0"
Running,2013-07-25 16:31:33,false,"Untitled","4.00","476","00:41:48","--","--","--","--","10:26","3:10","59","46","0.00","0.0","0.0","0.0","0.0","0.0","41:48","0:00","0.0","0:00","No","00:00.00","--","0.0"
Running,2013-07-23 16:54:09,false,"Untitled","5.01","608","00:49:50","--","--","--","--","9:57","5:17","39","52","0.00","0.0","0.0","0.0","0.0","0.0","49:50","0:00","0.0","0:00","No","00:00.00","--","0.0"
Running,2013-07-21 09:49:46,false,"Untitled","8.01","958","01:21:42","--","--","--","--","10:12","2:15","73","76","0.00","0.0","0.0","0.0","0.0","0.0","1:21:42","0:00","0.0","0:00","No","00:00.00","--","0.0"
Running,2013-07-18 16:25:27,false,"Untitled","5.01","603","00:52:49","--","--","--","--","10:33","3:54","36","50","0.00","0.0","0.0","0.0","0.0","0.0","52:49","0:00","0.0","0:00","No","00:00.00","--","0.0"
Running,2013-07-15 17:07:52,false,"Untitled","2.36","283","00:23:55","--","--","--","--","10:08","4:20","--","11","0.00","0.0","0.0","0.0","0.0","0.0","23:55","0:00","0.0","0:00","No","00:00.00","--","0.0"
Running,2013-07-14 09:09:32,false,"Untitled","4.01","485","00:42:25","--","--","--","--","10:35","7:20","37","43","0.00","0.0","0.0","0.0","0.0","0.0","42:25","0:00","0.0","0:00","No","00:00.00","--","0.0"
Running,2013-07-11 10:55:26,false,"Untitled","6.02","719","01:00:14","--","--","--","--","10:00","2:24","65","61","0.00","0.0","0.0","0.0","0.0","0.0","1:00:14","0:00","0.0","0:00","No","00:00.00","--","0.0"
Running,2013-07-10 13:48:31,false,"Untitled","3.00","362","00:28:46","--","--","--","--","9:34","5:34","40","44","0.00","0.0","0.0","0.0","0.0","0.0","28:46","0:00","0.0","0:00","No","00:00.00","--","0.0"
Running,2013-06-29 10:01:01,false,"Untitled","8.01","955","01:23:09","--","--","--","--","10:23","5:45","72","74","0.00","0.0","0.0","0.0","0.0","0.0","1:23:09","0:00","0.0","0:00","No","00:00.00","--","0.0"
Running,2013-06-27 17:32:09,false,"Untitled","4.01","471","00:38:07","--","--","--","--","9:31","6:53","26","40","0.00","0.0","0.0","0.0","0.0","0.0","38:07","0:00","0.0","0:00","No","00:00.00","--","0.0"
Running,2013-06-24 17:08:59,false,"Untitled","6.01","726","00:55:28","--","--","--","--","9:14","3:49","61","57","0.00","0.0","0.0","0.0","0.0","0.0","55:28","0:00","0.0","0:00","No","00:00.00","--","0.0"
Running,2013-06-20 16:54:03,false,"Untitled","3.04","339","00:30:19","--","--","--","--","9:59","3:59","26","22","0.00","0.0","0.0","0.0","0.0","0.0","30:19","0:00","0.0","0:00","No","00:00.00","--","0.0"
Running,2013-06-19 17:08:39,false,"Untitled","4.01","469","00:40:42","--","--","--","--","10:09","6:45","38","42","0.00","0.0","0.0","0.0","0.0","0.0","40:42","0:00","0.0","0:00","No","00:00.00","--","0.0"
Running,2013-06-17 17:18:01,false,"Untitled","3.00","405","00:31:17","--","--","--","--","10:25","4:11","1,147","1,149","0.00","0.0","0.0","0.0","0.0","0.0","31:17","0:00","0.0","0:00","No","00:00.00","--","0.0"
Running,2013-06-13 17:05:33,false,"Untitled","4.00","479","00:42:23","--","--","--","--","10:36","1:58","57","44","0.00","0.0","0.0","0.0","0.0","0.0","42:23","0:00","0.0","0:00","No","00:00.00","--","0.0"
Running,2013-06-10 13:50:01,false,"Untitled","4.01","474","00:38:23","--","--","--","--","9:34","4:30","46","45","0.00","0.0","0.0","0.0","0.0","0.0","38:23","0:00","0.0","0:00","No","00:00.00","--","0.0"
Running,2013-06-06 16:51:39,false,"Untitled","6.01","725","01:00:41","--","--","--","--","10:06","4:42","47","44","0.00","0.0","0.0","0.0","0.0","0.0","1:00:41","0:00","0.0","0:00","No","00:00.00","--","0.0"
Running,2013-06-03 17:14:18,false,"Untitled","4.01","483","00:39:16","--","--","--","--","9:48","4:12","501","451","0.00","0.0","0.0","0.0","0.0","0.0","39:16","0:00","0.0","0:00","No","00:00.00","--","0.0"
Running,2013-06-01 08:40:10,false,"Untitled","8.00","958","01:20:00","--","--","--","--","10:00","4:48","631","659","0.00","0.0","0.0","0.0","0.0","0.0","1:20:00","0:00","0.0","0:00","No","00:00.00","--","0.0"
Running,2013-05-30 16:44:52,false,"Untitled","6.03","677","00:57:11","--","--","--","--","9:29","2:12","47","43","0.00","0.0","0.0","0.0","0.0","0.0","57:11","0:00","0.0","0:00","No","00:00.00","--","0.0"
Running,2013-05-29 17:01:46,false,"Untitled","4.01","476","00:37:44","--","--","--","--","9:25","5:51","28","25","0.00","0.0","0.0","0.0","0.0","0.0","37:44","0:00","0.0","0:00","No","00:00.00","--","0.0"
Running,2013-05-23 16:51:00,false,"Untitled","3.00","357","00:28:04","--","--","--","--","9:21","5:06","173","192","0.00","0.0","0.0","0.0","0.0","0.0","28:04","0:00","0.0","0:00","No","00:00.00","--","0.0"
Running,2013-05-22 16:37:17,false,"Untitled","4.01","471","00:37:42","--","--","--","--","9:25","6:19","185","153","0.00","0.0","0.0","0.0","0.0","0.0","37:42","0:00","0.0","0:00","No","00:00.00","--","0.0"
Running,2013-05-20 17:30:29,false,"Untitled","3.00","353","00:28:14","--","--","--","--","9:25","5:42","69","62","0.00","0.0","0.0","0.0","0.0","0.0","28:14","0:00","0.0","0:00","No","00:00.00","--","0.0"
Running,2013-05-19 11:12:10,false,"awful run!","6.00","712","01:03:57","--","--","--","--","10:39","5:53","24","44","0.00","0.0","0.0","0.0","0.0","0.0","1:03:57","0:00","0.0","0:00","No","00:00.00","--","0.0"
Running,2013-05-17 16:38:16,false,"Untitled","6.01","707","00:57:48","--","--","--","--","9:37","5:27","44","38","0.00","0.0","0.0","0.0","0.0","0.0","57:48","0:00","0.0","0:00","No","00:00.00","--","0.0"
Running,2013-05-13 17:15:29,false,"Untitled","4.00","469","00:39:42","--","--","--","--","9:55","5:38","37","42","0.00","0.0","0.0","0.0","0.0","0.0","39:42","0:00","0.0","0:00","No","00:00.00","--","0.0"
Running,2013-05-11 09:41:32,false,"8 Miles...","8.05","959","01:23:17","--","--","--","--","10:21","3:08","70","67","0.00","0.0","0.0","0.0","0.0","0.0","1:23:17","0:00","0.0","0:00","No","00:00.00","--","0.0"
Running,2013-05-09 16:23:33,false,"Untitled","4.01","475","00:39:22","--","--","--","--","9:49","4:38","24","36","0.00","0.0","0.0","0.0","0.0","0.0","39:22","0:00","0.0","0:00","No","00:00.00","--","0.0"
Running,2013-05-04 09:43:20,false,"Untitled","7.03","839","01:12:14","--","--","--","--","10:17","6:18","65","65","0.00","0.0","0.0","0.0","0.0","0.0","1:12:14","0:00","0.0","0:00","No","00:00.00","--","0.0"
Running,2013-05-02 16:42:19,false,"Untitled","3.03","364","00:30:55","--","--","--","--","10:12","1:59","33","46","0.00","0.0","0.0","0.0","0.0","0.0","30:55","0:00","0.0","0:00","No","00:00.00","--","0.0"
Running,2013-05-01 17:26:24,false,"Untitled","3.01","353","00:29:28","--","--","--","--","9:48","4:04","68","64","0.00","0.0","0.0","0.0","0.0","0.0","29:28","0:00","0.0","0:00","No","00:00.00","--","0.0"
Running,2013-04-29 17:30:40,false,"Untitled","4.00","476","00:38:40","--","--","--","--","9:39","6:36","25","36","0.00","0.0","0.0","0.0","0.0","0.0","38:40","0:00","0.0","0:00","No","00:00.00","--","0.0"
Running,2013-04-25 16:39:20,false,"Untitled","5.00","575","00:48:54","--","--","--","--","9:46","3:31","60","59","0.00","0.0","0.0","0.0","0.0","0.0","48:54","0:00","0.0","0:00","No","00:00.00","--","0.0"
Running,2013-04-24 17:34:23,false,"Untitled","4.01","477","00:40:05","--","--","--","--","10:00","3:09","56","51","0.00","0.0","0.0","0.0","0.0","0.0","40:05","0:00","0.0","0:00","No","00:00.00","--","0.0"
Running,2013-04-20 10:30:46,false,"7 miles!","7.00","836","01:09:58","--","--","--","--","10:00","6:22","66","72","0.00","0.0","0.0","0.0","0.0","0.0","1:09:58","0:00","0.0","0:00","No","00:00.00","--","0.0"
Running,2013-04-17 17:36:21,false,"Untitled","4.51","534","00:45:51","--","--","--","--","10:10","1:13","101","83","0.00","0.0","0.0","0.0","0.0","0.0","45:51","0:00","0.0","0:00","No","00:00.00","--","0.0"
Running,2013-04-15 16:58:16,false,"Untitled","4.20","497","00:43:14","--","--","--","--","10:18","4:49","19","32","0.00","0.0","0.0","0.0","0.0","0.0","43:14","0:00","0.0","0:00","No","00:00.00","--","0.0"
Running,2013-04-13 09:53:00,false,"Untitled","6.06","728","01:02:20","--","--","--","--","10:17","5:49","110","106","0.00","0.0","0.0","0.0","0.0","0.0","1:02:20","0:00","0.0","0:00","No","00:00.00","--","0.0"
Running,2013-04-11 16:55:57,false,"Untitled","3.08","366","00:28:56","--","--","--","--","9:23","4:48","58","61","0.00","0.0","0.0","0.0","0.0","0.0","28:56","0:00","0.0","0:00","No","00:00.00","--","0.0"
Running,2013-04-10 16:56:24,false,"Untitled","4.51","534","00:45:35","--","--","--","--","10:07","4:46","62","76","0.00","0.0","0.0","0.0","0.0","0.0","45:35","0:00","0.0","0:00","No","00:00.00","--","0.0"
Running,2013-04-08 16:57:45,false,"Untitled","2.97","360","00:29:15","--","--","--","--","9:50","4:10","61","56","0.00","0.0","0.0","0.0","0.0","0.0","29:15","0:00","0.0","0:00","No","00:00.00","--","0.0"
Running,2013-04-06 09:04:17,false,"Untitled","6.02","725","01:00:14","--","--","--","--","10:01","5:36","70","64","0.00","0.0","0.0","0.0","0.0","0.0","1:00:14","0:00","0.0","0:00","No","00:00.00","--","0.0"
Running,2013-04-04 16:31:47,false,"Untitled","3.00","353","00:28:38","--","--","--","--","9:32","5:49","14","28","0.00","0.0","0.0","0.0","0.0","0.0","28:38","0:00","0.0","0:00","No","00:00.00","--","0.0"
Running,2013-04-03 17:04:27,false,"Untitled","3.02","358","00:30:24","--","--","--","--","10:05","5:55","41","45","0.00","0.0","0.0","0.0","0.0","0.0","30:24","0:00","0.0","0:00","No","00:00.00","--","0.0"
Running,2013-04-01 09:49:38,false,"Untitled","3.06","363","00:30:15","--","--","--","--","9:54","5:53","21","26","0.00","0.0","0.0","0.0","0.0","0.0","30:15","0:00","0.0","0:00","No","00:00.00","--","0.0"
Running,2013-03-30 09:13:02,false,"Untitled","6.01","720","01:01:03","--","--","--","--","10:10","4:44","58","54","0.00","0.0","0.0","0.0","0.0","0.0","1:01:03","0:00","0.0","0:00","No","00:00.00","--","0.0"
Running,2013-03-27 16:30:48,false,"Untitled","3.00","354","00:29:14","--","--","--","--","9:45","2:10","58","54","0.00","0.0","0.0","0.0","0.0","0.0","29:14","0:00","0.0","0:00","No","00:00.00","--","0.0"
Running,2013-03-25 17:29:02,false,"Untitled","3.06","366","00:29:58","--","--","--","--","9:47","5:30","69","60","0.00","0.0","0.0","0.0","0.0","0.0","29:58","0:00","0.0","0:00","No","00:00.00","--","0.0"
Running,2013-03-24 09:35:55,false,"Untitled","4.00","482","00:40:58","--","--","--","--","10:14","5:52","21","24","0.00","0.0","0.0","0.0","0.0","0.0","40:58","0:00","0.0","0:00","No","00:00.00","--","0.0"
Running,2013-03-22 16:22:07,false,"Untitled","3.16","375","00:33:04","--","--","--","--","10:27","7:27","5","9","0.00","0.0","0.0","0.0","0.0","0.0","33:04","0:00","0.0","0:00","No","00:00.00","--","0.0"
Running,2013-03-20 09:19:50,false,"Untitled","3.01","350","00:30:17","--","--","--","--","10:00","6:48","28","45","0.00","0.0","0.0","0.0","0.0","0.0","30:17","0:00","0.0","0:00","No","00:00.00","--","0.0"
Running,2013-03-18 17:31:50,false,"Untitled","3.01","353","00:27:52","--","--","--","--","9:17","3:08","54","59","0.00","0.0","0.0","0.0","0.0","0.0","27:52","0:00","0.0","0:00","No","00:00.00","--","0.0"
Running,2013-03-16 09:23:51,false,"Untitled","3.03","358","00:30:20","--","--","--","--","10:00","6:36","35","51","0.00","0.0","0.0","0.0","0.0","0.0","30:20","0:00","0.0","0:00","No","00:00.00","--","0.0"
Running,2013-03-15 16:20:38,false,"Untitled","3.00","358","00:29:46","--","--","--","--","9:55","5:16","29","28","0.00","0.0","0.0","0.0","0.0","0.0","29:46","0:00","0.0","0:00","No","00:00.00","--","0.0"
Running,2013-03-11 17:29:08,false,"Untitled","3.00","358","00:28:51","--","--","--","--","9:36","4:24","66","71","0.00","0.0","0.0","0.0","0.0","0.0","28:51","0:00","0.0","0:00","No","00:00.00","--","0.0"
Running,2013-03-09 12:32:38,false,"Untitled","5.50","661","00:57:43","--","--","--","--","10:30","5:00","49","47","0.00","0.0","0.0","0.0","0.0","0.0","57:43","0:00","0.0","0:00","No","00:00.00","--","0.0"
Running,2013-03-06 16:22:09,false,"Untitled","4.52","537","00:46:25","--","--","--","--","10:16","3:39","46","57","0.00","0.0","0.0","0.0","0.0","0.0","46:25","0:00","0.0","0:00","No","00:00.00","--","0.0"
Running,2013-03-02 10:58:58,false,"stanley park 10k 54:46","6.31","753","00:54:47","--","--","--","--","8:41","5:22","48","36","0.00","0.0","0.0","0.0","0.0","0.0","54:47","0:00","0.0","0:00","No","00:00.00","--","0.0"
Running,2013-02-27 17:21:58,false,"Untitled","3.00","360","00:29:31","--","--","--","--","9:49","5:44","15","27","0.00","0.0","0.0","0.0","0.0","0.0","29:31","0:00","0.0","0:00","No","00:00.00","--","0.0"
Running,2013-02-25 17:31:43,false,"Untitled","2.48","289","00:26:28","--","--","--","--","10:41","5:09","56","54","0.00","0.0","0.0","0.0","0.0","0.0","26:28","0:00","0.0","0:00","No","00:00.00","--","0.0"
Running,2013-02-23 08:28:13,false,"Untitled","6.04","729","01:00:33","--","--","--","--","10:02","4:36","96","95","0.00","0.0","0.0","0.0","0.0","0.0","1:00:33","0:00","0.0","0:00","No","00:00.00","--","0.0"
Running,2013-02-21 16:34:30,false,"Untitled","4.50","531","00:43:40","--","--","--","--","9:42","4:33","51","48","0.00","0.0","0.0","0.0","0.0","0.0","43:40","0:00","0.0","0:00","No","00:00.00","--","0.0"
Running,2013-02-20 16:47:25,false,"Untitled","3.55","419","00:35:21","--","--","--","--","9:57","6:25","75","72","0.00","0.0","0.0","0.0","0.0","0.0","35:21","0:00","0.0","0:00","No","00:00.00","--","0.0"
Running,2013-02-18 17:32:19,false,"Untitled","3.01","365","00:28:48","--","--","--","--","9:35","4:31","50","53","0.00","0.0","0.0","0.0","0.0","0.0","28:48","0:00","0.0","0:00","No","00:00.00","--","0.0"
Running,2013-02-16 08:14:12,false,"Untitled","5.00","600","00:50:46","--","--","--","--","10:09","5:13","53","55","0.00","0.0","0.0","0.0","0.0","0.0","50:46","0:00","0.0","0:00","No","00:00.00","--","0.0"
Running,2013-02-11 17:25:55,false,"Untitled","3.08","362","00:31:38","--","--","--","--","10:16","6:09","41","40","0.00","0.0","0.0","0.0","0.0","0.0","31:38","0:00","0.0","0:00","No","00:00.00","--","0.0"
Running,2013-02-10 08:20:10,false,"Untitled","3.06","368","00:29:08","--","--","--","--","9:31","5:30","81","78","0.00","0.0","0.0","0.0","0.0","0.0","29:08","0:00","0.0","0:00","No","00:00.00","--","0.0"
Running,2013-02-08 10:04:18,false,"Untitled","6.00","721","01:00:12","--","--","--","--","10:02","3:44","107","106","0.00","0.0","0.0","0.0","0.0","0.0","1:00:12","0:00","0.0","0:00","No","00:00.00","--","0.0"
Running,2013-02-06 17:32:06,false,"Untitled","3.00","358","00:28:40","--","--","--","--","9:33","6:08","65","72","0.00","0.0","0.0","0.0","0.0","0.0","28:40","0:00","0.0","0:00","No","00:00.00","--","0.0"
Running,2013-02-04 17:17:13,false,"Untitled","3.07","362","00:32:15","--","--","--","--","10:31","6:56","50","52","0.00","0.0","0.0","0.0","0.0","0.0","32:15","0:00","0.0","0:00","No","00:00.00","--","0.0"
Running,2013-02-02 09:25:00,false,"Untitled","6.01","721","01:01:50","--","--","--","--","10:17","5:26","91","88","0.00","0.0","0.0","0.0","0.0","0.0","1:01:50","0:00","0.0","0:00","No","00:00.00","--","0.0"
Running,2013-01-31 16:51:21,false,"Untitled","3.00","359","00:29:43","--","--","--","--","9:54","6:12","18","20","0.00","0.0","0.0","0.0","0.0","0.0","29:43","0:00","0.0","0:00","No","00:00.00","--","0.0"
Running,2013-01-29 17:02:28,false,"Untitled","3.00","365","00:31:27","--","--","--","--","10:28","6:15","61","62","0.00","0.0","0.0","0.0","0.0","0.0","31:27","0:00","0.0","0:00","No","00:00.00","--","0.0"
Running,2013-01-27 08:55:56,false,"6 Miles!","6.00","732","01:01:36","--","--","--","--","10:16","5:47","119","115","0.00","0.0","0.0","0.0","0.0","0.0","1:01:36","0:00","0.0","0:00","No","00:00.00","--","0.0"
Running,2013-01-24 16:47:56,false,"Untitled","3.01","365","00:30:32","--","--","--","--","10:09","5:11","25","25","0.00","0.0","0.0","0.0","0.0","0.0","30:32","0:00","0.0","0:00","No","00:00.00","--","0.0"
Running,2013-01-23 16:58:55,false,"Untitled","3.09","368","00:32:47","--","--","--","--","10:36","6:10","40","39","0.00","0.0","0.0","0.0","0.0","0.0","32:47","0:00","0.0","0:00","No","00:00.00","--","0.0"
Running,2013-01-19 09:15:50,false,"snow day","4.01","483","00:43:50","--","--","--","--","10:57","6:55","19","22","0.00","0.0","0.0","0.0","0.0","0.0","43:50","0:00","0.0","0:00","No","00:00.00","--","0.0"
Running,2013-01-16 16:31:50,false,"Untitled","3.00","355","00:31:58","--","--","--","--","10:38","6:30","41","42","0.00","0.0","0.0","0.0","0.0","0.0","31:58","0:00","0.0","0:00","No","00:00.00","--","0.0"
Running,2013-01-14 17:31:50,false,"Untitled","3.00","364","00:32:09","--","--","--","--","10:42","4:25","56","50","0.00","0.0","0.0","0.0","0.0","0.0","32:09","0:00","0.0","0:00","No","00:00.00","--","0.0"
Running,2013-01-11 16:25:31,false,"5 miles!","5.13","616","00:55:43","--","--","--","--","10:51","6:45","71","70","0.00","0.0","0.0","0.0","0.0","0.0","55:43","0:00","0.0","0:00","No","00:00.00","--","0.0"
Running,2013-01-07 17:30:02,false,"Untitled","4.07","500","00:39:26","--","--","--","--","9:42","2:46","71","77","0.00","0.0","0.0","0.0","0.0","0.0","39:26","0:00","0.0","0:00","No","00:00.00","--","0.0"
Running,2013-01-05 11:30:22,false,"Untitled","3.28","395","00:31:45","--","--","--","--","9:40","5:00","29","32","0.00","0.0","0.0","0.0","0.0","0.0","31:45","0:00","0.0","0:00","No","00:00.00","--","0.0"
Running,2013-01-03 17:18:47,false,"Untitled","3.14","372","00:32:45","--","--","--","--","10:26","7:24","46","48","0.00","0.0","0.0","0.0","0.0","0.0","32:45","0:00","0.0","0:00","No","00:00.00","--","0.0"
Running,2013-01-01 10:14:11,false,"yomp round heworth stray","2.45","285","00:25:14","--","--","--","--","10:19","4:23","28","29","0.00","0.0","0.0","0.0","0.0","0.0","25:14","0:00","0.0","0:00","No","00:00.00","--","0.0"
